OBJECTID,GEOID10,Y_CntEst,Y_CntMOE,Y_Class,Y_Score,IPD_Score,STATEFP10,COUNTYFP10,NAME10,Y_PctEst,Y_PctMOE,Y_Pctile
1,42045403502,626,204,average,2,21,42,045,4035.02,0.208,0.068,0.42
2,42045403701,398,94,average,2,16,42,045,4037.01,0.224,0.053,0.54
3,42045403702,493,107,average,2,16,42,045,4037.02,0.213,0.046,0.45
4,42045403104,869,175,well above average,4,22,42,045,4031.04,0.340,0.069,0.97
5,42045403300,1726,244,above average,3,21,42,045,4033,0.259,0.037,0.79
6,42045406100,635,90,above average,3,17,42,045,4061,0.278,0.039,0.87
7,42045403902,676,99,below average,1,13,42,045,4039.02,0.183,0.027,0.24
8,42045980000,-99999,-99999,no data,-99999,0,42,045,9800,-99999.000,-99999.000,-99999.00
9,42045410500,1392,288,above average,3,30,42,045,4105,0.267,0.055,0.83
10,42045410700,1292,306,average,2,24,42,045,4107,0.230,0.054,0.59
11,42045410800,1841,305,average,2,16,42,045,4108,0.231,0.038,0.60
12,42045409702,145,45,well below average,0,9,42,045,4097.02,0.072,0.022,0.03
13,42045403601,938,115,average,2,15,42,045,4036.01,0.234,0.029,0.63
14,42045406402,261,99,average,2,25,42,045,4064.02,0.210,0.080,0.43
15,42045403800,1595,193,average,2,17,42,045,4038,0.247,0.030,0.72
16,42045403602,347,52,below average,1,15,42,045,4036.02,0.184,0.028,0.25
17,42045402100,1366,303,average,2,23,42,045,4021,0.238,0.053,0.66
18,42045403501,626,126,below average,1,16,42,045,4035.01,0.151,0.030,0.11
19,42045408900,779,89,above average,3,16,42,045,4089,0.261,0.030,0.80
20,42045408800,1098,174,average,2,13,42,045,4088,0.227,0.036,0.56
21,42045408300,736,100,below average,1,15,42,045,4083,0.163,0.022,0.14
22,42045409200,1037,72,above average,3,15,42,045,4092,0.255,0.018,0.77
23,42045409803,1675,200,average,2,16,42,045,4098.03,0.244,0.029,0.70
24,42045407802,1452,160,average,2,14,42,045,4078.02,0.215,0.024,0.47
25,42045408700,1197,131,average,2,14,42,045,4087,0.244,0.027,0.70
26,42045401104,878,185,average,2,18,42,045,4011.04,0.215,0.045,0.47
27,42045400600,881,151,average,2,19,42,045,4006,0.188,0.032,0.27
28,42045401600,331,64,average,2,19,42,045,4016,0.199,0.038,0.35
29,42045401301,668,259,above average,3,22,42,045,4013.01,0.266,0.103,0.82
30,42045401302,577,79,average,2,18,42,045,4013.02,0.212,0.029,0.45
31,42045407804,1167,89,above average,3,14,42,045,4078.04,0.258,0.020,0.78
32,42045409500,1237,103,above average,3,16,42,045,4095,0.262,0.022,0.80
33,42045410000,826,115,average,2,16,42,045,4100,0.204,0.028,0.39
34,42045402300,633,123,below average,1,23,42,045,4023,0.185,0.036,0.25
35,42045403002,535,98,average,2,15,42,045,4030.02,0.203,0.037,0.38
36,42045402500,884,155,above average,3,28,42,045,4025,0.279,0.049,0.87
37,42045403103,463,208,average,2,21,42,045,4031.03,0.189,0.085,0.28
38,42045403101,1014,174,above average,3,17,42,045,4031.01,0.268,0.046,0.83
39,42045402800,1332,228,average,2,18,42,045,4028,0.234,0.040,0.63
40,42045410400,2160,159,average,2,15,42,045,4104,0.237,0.017,0.66
41,42045406803,1374,210,below average,1,17,42,045,4068.03,0.171,0.026,0.17
42,42045402200,465,123,average,2,27,42,045,4022,0.198,0.052,0.34
43,42045406801,842,193,average,2,17,42,045,4068.01,0.192,0.044,0.30
44,42045407501,430,65,below average,1,15,42,045,4075.01,0.182,0.027,0.23
45,42045404500,1499,288,above average,3,28,42,045,4045,0.269,0.052,0.84
46,42045408101,1056,130,average,2,18,42,045,4081.01,0.191,0.024,0.29
47,42045409601,1301,177,above average,3,22,42,045,4096.01,0.271,0.037,0.84
48,42045408400,220,35,well below average,0,16,42,045,4084,0.122,0.019,0.06
49,42045407700,505,86,average,2,20,42,045,4077,0.188,0.032,0.27
50,42045409904,763,85,average,2,14,42,045,4099.04,0.212,0.024,0.45
51,42045407404,741,84,average,2,17,42,045,4074.04,0.246,0.028,0.72
52,42045406401,823,108,above average,3,26,42,045,4064.01,0.289,0.038,0.89
53,42045406201,576,76,below average,1,15,42,045,4062.01,0.177,0.023,0.20
54,42045404103,741,80,average,2,14,42,045,4041.03,0.213,0.023,0.45
55,42045407502,372,107,below average,1,17,42,045,4075.02,0.125,0.036,0.06
56,42045407101,894,82,average,2,17,42,045,4071.01,0.216,0.020,0.48
57,42045408500,920,139,average,2,15,42,045,4085,0.219,0.033,0.51
58,42045404400,306,47,below average,1,22,42,045,4044,0.185,0.028,0.25
59,42045401800,1019,141,average,2,19,42,045,4018,0.243,0.034,0.69
60,42045401900,828,109,average,2,22,42,045,4019,0.194,0.026,0.31
61,42045400301,1729,427,above average,3,29,42,045,4003.01,0.297,0.073,0.91
62,42045401402,829,146,average,2,20,42,045,4014.02,0.208,0.037,0.42
63,42045407201,891,131,below average,1,15,42,045,4072.01,0.181,0.027,0.23
64,42045406903,1146,164,average,2,12,42,045,4069.03,0.217,0.031,0.49
65,42045408102,639,71,below average,1,14,42,045,4081.02,0.179,0.020,0.21
66,42045400402,1302,248,above average,3,27,42,045,4004.02,0.286,0.054,0.88
67,42045409400,593,43,average,2,15,42,045,4094,0.201,0.015,0.36
68,42045407401,934,198,above average,3,19,42,045,4074.01,0.250,0.053,0.74
69,42045407102,777,80,average,2,13,42,045,4071.02,0.227,0.023,0.56
70,42045409000,879,108,average,2,15,42,045,4090,0.241,0.030,0.68
71,42045410200,808,75,average,2,15,42,045,4102,0.217,0.020,0.49
72,42045401103,844,87,average,2,15,42,045,4011.03,0.243,0.025,0.69
73,42045406500,594,165,well above average,4,20,42,045,4065,0.355,0.099,0.98
74,42045402900,912,189,above average,3,28,42,045,4029,0.263,0.054,0.80
75,42045410100,2221,163,above average,3,13,42,045,4101,0.286,0.021,0.88
76,42045404800,641,150,well above average,4,26,42,045,4048,0.319,0.075,0.94
77,42045405100,518,123,average,2,26,42,045,4051,0.230,0.055,0.59
78,42045404900,429,171,well above average,4,28,42,045,4049,0.339,0.135,0.96
79,42045406202,988,106,average,2,15,42,045,4062.02,0.205,0.022,0.39
80,42045403001,607,96,average,2,14,42,045,4030.01,0.190,0.030,0.28
81,42045401502,690,243,below average,1,19,42,045,4015.02,0.169,0.059,0.16
82,42045400500,1383,323,above average,3,27,42,045,4005,0.310,0.072,0.93
83,42045404003,404,113,below average,1,17,42,045,4040.03,0.169,0.047,0.16
84,42045407902,522,83,average,2,15,42,045,4079.02,0.188,0.030,0.27
85,42045407903,797,95,average,2,16,42,045,4079.03,0.221,0.026,0.52
86,42045406904,1075,147,average,2,15,42,045,4069.04,0.188,0.026,0.27
87,42045407805,452,50,above average,3,17,42,045,4078.05,0.265,0.029,0.81
88,42045407600,1340,155,average,2,15,42,045,4076,0.212,0.025,0.45
89,42045408002,407,137,well below average,0,17,42,045,4080.02,0.108,0.036,0.05
90,42045408103,858,107,average,2,18,42,045,4081.03,0.199,0.025,0.35
91,42045406700,1019,123,above average,3,17,42,045,4067,0.293,0.035,0.90
92,42045408600,819,88,average,2,16,42,045,4086,0.238,0.026,0.66
93,42045403200,622,110,below average,1,17,42,045,4032,0.149,0.026,0.10
94,42045402400,1231,341,well above average,4,29,42,045,4024,0.345,0.096,0.97
95,42045401501,894,195,average,2,14,42,045,4015.01,0.244,0.053,0.70
96,42045402000,477,203,average,2,21,42,045,4020,0.220,0.094,0.51
97,42045401200,779,105,average,2,15,42,045,4012,0.213,0.029,0.45
98,42045404101,1249,289,average,2,15,42,045,4041.01,0.203,0.047,0.38
99,42045407202,461,90,below average,1,16,42,045,4072.02,0.134,0.026,0.07
100,42045405300,755,234,above average,3,27,42,045,4053,0.299,0.093,0.91
101,42045407801,892,116,average,2,15,42,045,4078.01,0.206,0.027,0.40
102,42045405000,374,103,average,2,30,42,045,4050,0.207,0.057,0.41
103,42045407901,920,96,average,2,15,42,045,4079.01,0.232,0.024,0.62
104,42045401401,499,48,average,2,19,42,045,4014.01,0.245,0.024,0.71
105,42045400401,1372,253,above average,3,30,42,045,4004.01,0.277,0.051,0.86
106,42045402600,1370,204,well above average,4,28,42,045,4026,0.348,0.052,0.97
107,42045401700,574,100,average,2,24,42,045,4017,0.216,0.038,0.48
108,42045409802,1216,257,average,2,16,42,045,4098.02,0.191,0.040,0.29
109,42045406802,951,193,average,2,16,42,045,4068.02,0.209,0.042,0.42
110,42045409602,459,66,well below average,0,15,42,045,4096.02,0.105,0.015,0.05
111,42045400801,461,130,average,2,27,42,045,4008.01,0.208,0.059,0.42
112,42045403901,663,108,average,2,17,42,045,4039.01,0.198,0.032,0.34
113,42045409300,606,104,average,2,14,42,045,4093,0.239,0.041,0.67
114,42045405200,963,244,above average,3,28,42,045,4052,0.297,0.075,0.91
115,42045407803,1286,93,average,2,13,42,045,4078.03,0.244,0.018,0.70
116,42045404300,796,160,above average,3,19,42,045,4043,0.307,0.062,0.93
117,42045400700,1461,226,average,2,25,42,045,4007,0.243,0.038,0.69
118,42045400802,868,152,average,2,19,42,045,4008.02,0.230,0.040,0.59
119,42045405400,459,155,average,2,26,42,045,4054,0.224,0.076,0.54
120,42045400900,297,46,average,2,18,42,045,4009,0.189,0.029,0.28
121,42045401101,672,77,average,2,18,42,045,4011.01,0.216,0.025,0.48
122,42045401000,386,80,average,2,13,42,045,4010,0.198,0.041,0.34
123,42045403401,578,149,average,2,18,42,045,4034.01,0.211,0.054,0.44
124,42045404700,519,134,below average,1,20,42,045,4047,0.132,0.034,0.07
125,42045409100,1191,124,above average,3,14,42,045,4091,0.276,0.029,0.86
126,42045402700,701,123,above average,3,25,42,045,4027,0.274,0.048,0.85
127,42045409701,1427,136,average,2,14,42,045,4097.01,0.198,0.019,0.34
128,42045400302,1097,232,above average,3,26,42,045,4003.02,0.294,0.062,0.90
129,42045403402,1250,195,well above average,4,20,42,045,4034.02,0.323,0.050,0.95
130,42045406902,1192,159,average,2,14,42,045,4069.02,0.208,0.028,0.42
131,42045407806,306,72,average,2,18,42,045,4078.06,0.188,0.044,0.27
132,42045409902,824,118,below average,1,18,42,045,4099.02,0.166,0.024,0.15
133,42017101803,2162,258,above average,3,19,42,017,1018.03,0.260,0.031,0.79
134,42017104703,393,73,below average,1,16,42,017,1047.03,0.169,0.031,0.16
135,42017100209,1687,221,average,2,19,42,017,1002.09,0.191,0.025,0.29
136,42017100408,1364,216,average,2,14,42,017,1004.08,0.210,0.033,0.43
137,42017105801,1322,227,average,2,17,42,017,1058.01,0.215,0.037,0.47
138,42017105808,731,101,average,2,14,42,017,1058.08,0.213,0.029,0.45
139,42017105008,946,150,above average,3,15,42,017,1050.08,0.249,0.039,0.73
140,42017101403,1120,146,average,2,17,42,017,1014.03,0.201,0.026,0.36
141,42017100406,635,138,below average,1,18,42,017,1004.06,0.174,0.038,0.18
142,42017104604,1113,149,average,2,16,42,017,1046.04,0.200,0.027,0.35
143,42017104601,872,104,average,2,14,42,017,1046.01,0.195,0.023,0.32
144,42017100900,1949,245,average,2,13,42,017,1009,0.244,0.031,0.70
145,42045410301,1435,141,below average,1,11,42,045,4103.01,0.179,0.018,0.21
146,42045409903,974,173,average,2,17,42,045,4099.03,0.243,0.043,0.69
147,42045404102,1289,229,average,2,20,42,045,4041.02,0.248,0.044,0.73
148,42045404600,547,142,above average,3,24,42,045,4046,0.257,0.067,0.78
149,42045406300,901,175,above average,3,20,42,045,4063,0.277,0.054,0.86
150,42045410302,1880,300,average,2,18,42,045,4103.02,0.197,0.031,0.33
151,42045407000,586,90,average,2,14,42,045,4070,0.227,0.035,0.56
152,42045406600,605,121,above average,3,18,42,045,4066,0.250,0.050,0.74
153,42045410601,732,70,average,2,15,42,045,4106.01,0.211,0.020,0.44
154,42045410602,1072,134,average,2,16,42,045,4106.02,0.220,0.028,0.51
155,42045404004,1266,190,average,2,14,42,045,4040.04,0.204,0.031,0.39
156,42045408001,1357,202,average,2,18,42,045,4080.01,0.210,0.031,0.43
157,42017100105,653,187,average,2,17,42,017,1001.05,0.200,0.057,0.35
158,42017100212,784,86,average,2,17,42,017,1002.12,0.202,0.022,0.37
159,42017105004,1237,131,average,2,16,42,017,1050.04,0.224,0.024,0.54
160,42017103103,887,137,average,2,20,42,017,1031.03,0.196,0.030,0.32
161,42017105010,761,109,average,2,16,42,017,1050.10,0.196,0.028,0.32
162,42017101609,954,162,average,2,15,42,017,1016.09,0.218,0.037,0.50
163,42017104902,1457,178,average,2,17,42,017,1049.02,0.204,0.025,0.39
164,42017105506,1099,97,above average,3,15,42,017,1055.06,0.273,0.024,0.85
165,42017102300,1333,183,average,2,14,42,017,1023,0.233,0.032,0.63
166,42017102401,709,56,below average,1,12,42,017,1024.01,0.184,0.015,0.25
167,42017102402,1161,151,above average,3,16,42,017,1024.02,0.250,0.033,0.74
168,42017105510,843,157,below average,1,18,42,017,1055.10,0.169,0.032,0.16
169,42017105511,920,75,average,2,16,42,017,1055.11,0.218,0.018,0.50
170,42017101802,2026,126,above average,3,13,42,017,1018.02,0.310,0.019,0.93
171,42017102104,1248,220,average,2,16,42,017,1021.04,0.225,0.040,0.55
172,42017100808,813,105,below average,1,13,42,017,1008.08,0.160,0.021,0.13
173,42017100805,1241,309,average,2,14,42,017,1008.05,0.202,0.050,0.37
174,42017101611,1399,136,average,2,19,42,017,1016.11,0.203,0.020,0.38
175,42017105810,510,60,average,2,19,42,017,1058.10,0.224,0.026,0.54
176,42017102700,852,96,below average,1,18,42,017,1027,0.162,0.018,0.14
177,42017101603,790,175,average,2,18,42,017,1016.03,0.226,0.050,0.56
178,42017100807,770,208,below average,1,20,42,017,1008.07,0.184,0.050,0.25
179,42017105600,464,71,average,2,15,42,017,1056,0.194,0.030,0.31
180,42017100804,788,138,average,2,17,42,017,1008.04,0.201,0.035,0.36
181,42017102004,1053,101,average,2,16,42,017,1020.04,0.230,0.022,0.59
182,42017104400,330,82,below average,1,11,42,017,1044,0.138,0.034,0.08
183,42017101900,935,121,average,2,14,42,017,1019,0.231,0.030,0.60
184,42017105300,387,36,average,2,12,42,017,1053,0.191,0.018,0.29
185,42017105202,909,126,below average,1,18,42,017,1052.02,0.176,0.024,0.20
186,42017101100,566,89,average,2,19,42,017,1011,0.200,0.032,0.35
187,42017105006,1289,149,average,2,14,42,017,1050.06,0.228,0.026,0.57
188,42017101505,550,48,below average,1,18,42,017,1015.05,0.168,0.015,0.16
189,42017101503,596,110,below average,1,16,42,017,1015.03,0.160,0.029,0.13
190,42017102102,596,113,below average,1,12,42,017,1021.02,0.176,0.033,0.20
191,42017103102,477,113,average,2,17,42,017,1031.02,0.244,0.058,0.70
192,42017101506,1044,123,average,2,12,42,017,1015.06,0.195,0.023,0.32
193,42017101807,878,175,average,2,18,42,017,1018.07,0.208,0.041,0.42
194,42017101805,515,55,average,2,12,42,017,1018.05,0.239,0.026,0.67
195,42017106402,1620,161,average,2,14,42,017,1064.02,0.216,0.021,0.48
196,42017100304,463,183,average,2,23,42,017,1003.04,0.204,0.080,0.39
197,42017103800,193,41,below average,1,15,42,017,1038,0.158,0.034,0.13
198,42017105003,1122,122,average,2,15,42,017,1050.03,0.230,0.025,0.59
199,42017105011,795,129,average,2,16,42,017,1050.11,0.219,0.036,0.51
200,42017100811,1055,159,average,2,21,42,017,1008.11,0.230,0.035,0.59
201,42017980000,-99999,-99999,no data,-99999,0,42,017,9800,-99999.000,-99999.000,-99999.00
202,42017104100,448,75,average,2,16,42,017,1041,0.211,0.035,0.44
203,42017105400,1828,204,average,2,15,42,017,1054,0.221,0.025,0.52
204,42017101405,1487,237,average,2,17,42,017,1014.05,0.222,0.035,0.53
205,42017100102,439,98,below average,1,20,42,017,1001.02,0.148,0.033,0.10
206,42017100207,846,120,average,2,30,42,017,1002.07,0.199,0.028,0.35
207,42017105012,682,82,average,2,13,42,017,1050.12,0.231,0.028,0.60
208,42017104304,207,34,below average,1,14,42,017,1043.04,0.163,0.027,0.14
209,42017102801,794,176,average,2,12,42,017,1028.01,0.229,0.051,0.58
210,42017105203,526,65,above average,3,15,42,017,1052.03,0.255,0.032,0.77
211,42017103101,550,136,average,2,14,42,017,1031.01,0.229,0.057,0.58
212,42017104203,1580,149,above average,3,16,42,017,1042.03,0.291,0.027,0.89
213,42017104201,611,73,average,2,13,42,017,1042.01,0.206,0.025,0.40
214,42017104204,1340,144,above average,3,13,42,017,1042.04,0.281,0.030,0.87
215,42017105509,1092,112,average,2,15,42,017,1055.09,0.235,0.024,0.64
216,42017105508,954,85,above average,3,16,42,017,1055.08,0.273,0.024,0.85
217,42017101610,889,90,average,2,16,42,017,1016.10,0.187,0.019,0.26
218,42017101504,371,84,below average,1,20,42,017,1015.04,0.134,0.030,0.07
219,42017103300,310,65,below average,1,13,42,017,1033,0.150,0.031,0.10
220,42017105809,927,94,average,2,16,42,017,1058.09,0.214,0.022,0.46
221,42017100403,538,105,average,2,21,42,017,1004.03,0.232,0.045,0.62
222,42017100206,1025,233,average,2,19,42,017,1002.06,0.200,0.045,0.35
223,42017101404,479,108,average,2,17,42,017,1014.04,0.203,0.046,0.38
224,42017105812,375,51,average,2,16,42,017,1058.12,0.224,0.030,0.54
225,42017105013,1392,118,average,2,16,42,017,1050.13,0.236,0.020,0.65
226,42017101808,539,147,average,2,18,42,017,1018.08,0.210,0.057,0.43
227,42017106401,2209,267,above average,3,16,42,017,1064.01,0.283,0.034,0.88
228,42017105208,665,65,above average,3,17,42,017,1052.08,0.266,0.026,0.82
229,42017105207,1166,106,average,2,16,42,017,1052.07,0.234,0.021,0.63
230,42017106000,780,80,average,2,17,42,017,1060,0.188,0.019,0.27
231,42017106100,429,77,below average,1,16,42,017,1061,0.141,0.025,0.09
232,42017106200,1065,253,below average,1,21,42,017,1062,0.160,0.038,0.13
233,42017100500,464,167,below average,1,17,42,017,1005,0.173,0.062,0.18
234,42017100303,1053,317,average,2,21,42,017,1003.03,0.208,0.063,0.42
235,42017100809,951,156,below average,1,13,42,017,1008.09,0.178,0.029,0.21
236,42017104303,970,88,average,2,15,42,017,1043.03,0.204,0.019,0.39
237,42017104506,541,89,average,2,13,42,017,1045.06,0.232,0.038,0.62
238,42017104503,1087,148,above average,3,14,42,017,1045.03,0.254,0.035,0.76
239,42017104505,1608,195,above average,3,13,42,017,1045.05,0.277,0.034,0.86
240,42017104301,504,95,average,2,17,42,017,1043.01,0.192,0.036,0.30
241,42017103400,1071,176,average,2,13,42,017,1034,0.213,0.035,0.45
242,42017100208,1292,279,average,2,25,42,017,1002.08,0.219,0.047,0.51
243,42017100210,1525,223,average,2,19,42,017,1002.10,0.206,0.030,0.40
244,42017100402,1696,355,average,2,17,42,017,1004.02,0.229,0.048,0.58
245,42017105704,1835,372,above average,3,20,42,017,1057.04,0.276,0.056,0.86
246,42017101607,463,66,below average,1,19,42,017,1016.07,0.148,0.021,0.10
247,42017101605,1030,262,average,2,25,42,017,1016.05,0.244,0.062,0.70
248,42017104000,1692,234,average,2,15,42,017,1040,0.243,0.034,0.69
249,42017105206,1128,114,average,2,15,42,017,1052.06,0.230,0.023,0.59
250,42017100700,903,186,above average,3,24,42,017,1007,0.276,0.057,0.86
251,42017103900,574,132,below average,1,12,42,017,1039,0.145,0.033,0.09
252,42017100407,180,50,below average,1,16,42,017,1004.07,0.167,0.047,0.15
253,42017104502,1869,230,average,2,16,42,017,1045.02,0.236,0.029,0.65
254,42017102003,890,74,average,2,15,42,017,1020.03,0.228,0.019,0.57
255,42017100600,738,165,average,2,22,42,017,1006,0.203,0.045,0.38
256,42017105811,1300,131,average,2,15,42,017,1058.11,0.218,0.022,0.50
257,42017105100,791,92,above average,3,14,42,017,1051,0.255,0.030,0.77
258,42017105505,924,130,average,2,12,42,017,1055.05,0.232,0.033,0.62
259,42017105807,713,107,average,2,20,42,017,1058.07,0.188,0.028,0.27
260,42017104702,323,69,well below average,0,16,42,017,1047.02,0.122,0.026,0.06
261,42017104901,1959,160,above average,3,14,42,017,1049.01,0.261,0.021,0.80
262,42017101401,872,116,average,2,15,42,017,1014.01,0.199,0.026,0.35
263,42017100103,426,169,below average,1,16,42,017,1001.03,0.178,0.071,0.21
264,42017102002,565,52,average,2,15,42,017,1020.02,0.212,0.019,0.45
265,42017105507,1843,217,above average,3,14,42,017,1055.07,0.251,0.030,0.74
266,42017105805,1023,236,below average,1,16,42,017,1058.05,0.183,0.042,0.24
267,42017104701,447,194,below average,1,21,42,017,1047.01,0.134,0.058,0.07
268,42017100302,873,161,below average,1,15,42,017,1003.02,0.181,0.033,0.23
269,42017106300,2034,239,above average,3,13,42,017,1063,0.284,0.033,0.88
270,42017106500,1266,193,average,2,15,42,017,1065,0.187,0.028,0.26
271,42017106600,324,59,below average,1,13,42,017,1066,0.170,0.031,0.17
272,42017100201,817,111,below average,1,20,42,017,1002.01,0.181,0.025,0.23
273,42017104800,469,58,below average,1,14,42,017,1048,0.155,0.019,0.12
274,42017100104,962,248,average,2,25,42,017,1001.04,0.211,0.054,0.44
275,42017102600,456,104,average,2,20,42,017,1026,0.206,0.047,0.40
276,42017100211,1653,298,average,2,18,42,017,1002.11,0.228,0.041,0.57
277,42017105900,304,52,below average,1,16,42,017,1059,0.167,0.028,0.15
278,42017102500,862,130,average,2,13,42,017,1025,0.204,0.031,0.39
279,42017100307,1070,196,average,2,19,42,017,1003.07,0.210,0.038,0.43
280,42017100401,1312,242,average,2,17,42,017,1004.01,0.211,0.039,0.44
281,42017100306,795,167,average,2,22,42,017,1003.06,0.231,0.049,0.60
282,42017105009,652,150,average,2,20,42,017,1050.09,0.194,0.045,0.31
283,42017104603,1236,155,below average,1,13,42,017,1046.03,0.164,0.021,0.14
284,42017103700,519,122,below average,1,11,42,017,1037,0.152,0.036,0.11
285,42017100803,1284,188,above average,3,20,42,017,1008.03,0.264,0.039,0.81
286,42017105702,496,148,below average,1,17,42,017,1057.02,0.183,0.055,0.24
287,42017100404,1598,431,above average,3,18,42,017,1004.04,0.252,0.068,0.75
288,42029302803,96,16,well below average,0,16,42,029,3028.03,0.050,0.008,0.02
289,42029304000,1122,126,average,2,19,42,029,3040,0.231,0.026,0.60
290,42029302804,737,64,below average,1,14,42,029,3028.04,0.184,0.016,0.25
291,42029301300,1657,188,average,2,14,42,029,3013,0.246,0.028,0.72
292,42029300202,1566,128,above average,3,18,42,029,3002.02,0.286,0.023,0.88
293,42029303000,730,71,average,2,15,42,029,3030,0.224,0.022,0.54
294,42029301700,300,40,below average,1,13,42,029,3017,0.168,0.022,0.16
295,42029302101,1619,135,above average,3,18,42,029,3021.01,0.251,0.021,0.74
296,42029302102,792,121,below average,1,15,42,029,3021.02,0.180,0.027,0.22
297,42029306800,382,43,average,2,15,42,029,3068,0.225,0.025,0.55
298,42029301000,1414,173,average,2,17,42,029,3010,0.193,0.024,0.30
299,42029307200,335,79,average,2,16,42,029,3072,0.244,0.057,0.70
300,42029300400,870,221,above average,3,18,42,029,3004,0.260,0.066,0.79
301,42029304900,2409,311,above average,3,17,42,029,3049,0.299,0.039,0.91
302,42029302802,1030,145,average,2,15,42,029,3028.02,0.207,0.029,0.41
303,42029305000,428,41,average,2,15,42,029,3050,0.246,0.024,0.72
304,42029311401,1523,211,average,2,17,42,029,3114.01,0.207,0.029,0.41
305,42029304501,2763,147,well above average,4,19,42,029,3045.01,0.326,0.017,0.95
306,42029308102,1354,180,well above average,4,16,42,029,3081.02,0.312,0.042,0.93
307,42029303901,796,141,below average,1,12,42,029,3039.01,0.174,0.031,0.18
308,42029311000,1879,142,above average,3,14,42,029,3110,0.272,0.021,0.84
309,42029311300,861,92,below average,1,15,42,029,3113,0.179,0.019,0.21
310,42029311200,489,76,average,2,15,42,029,3112,0.228,0.035,0.57
311,42029311100,795,120,average,2,18,42,029,3111,0.219,0.033,0.51
312,42029311700,2977,301,above average,3,22,42,029,3117,0.305,0.031,0.92
313,42029311500,589,64,below average,1,14,42,029,3115,0.183,0.020,0.24
314,42029311800,1103,85,above average,3,16,42,029,3118,0.286,0.022,0.88
315,42029311600,560,118,above average,3,20,42,029,3116,0.268,0.057,0.83
316,42029304101,876,162,average,2,18,42,029,3041.01,0.201,0.037,0.36
317,42029304102,842,112,average,2,19,42,029,3041.02,0.235,0.031,0.64
318,42029306000,2010,227,above average,3,14,42,029,3060,0.266,0.030,0.82
319,42029304300,2110,176,above average,3,17,42,029,3043,0.266,0.022,0.82
320,42029302805,1268,173,below average,1,14,42,029,3028.05,0.174,0.024,0.18
321,42029300104,1250,97,average,2,14,42,029,3001.04,0.246,0.019,0.72
322,42029300101,731,96,average,2,14,42,029,3001.01,0.235,0.031,0.64
323,42029300103,521,74,average,2,21,42,029,3001.03,0.194,0.028,0.31
324,42029300109,893,116,above average,3,18,42,029,3001.09,0.254,0.033,0.76
325,42029300106,870,107,below average,1,19,42,029,3001.06,0.185,0.023,0.25
326,42029307800,846,183,well above average,4,17,42,029,3078,0.314,0.068,0.93
327,42029304403,995,65,above average,3,15,42,029,3044.03,0.249,0.016,0.73
328,42029301600,458,50,below average,1,14,42,029,3016,0.180,0.020,0.22
329,42029303802,2372,164,above average,3,15,42,029,3038.02,0.275,0.019,0.86
330,42029303801,822,127,average,2,13,42,029,3038.01,0.206,0.032,0.40
331,42029304404,1104,165,average,2,15,42,029,3044.04,0.214,0.032,0.46
332,42029302300,374,103,below average,1,16,42,029,3023,0.128,0.035,0.07
333,42029302400,656,187,below average,1,18,42,029,3024,0.167,0.048,0.15
334,42029302500,499,68,well below average,0,10,42,029,3025,0.112,0.015,0.05
335,42029302600,459,137,well below average,0,20,42,029,3026,0.094,0.028,0.04
336,42029310400,6,13,well below average,0,16,42,029,3104,0.002,0.004,0.00
337,42029307700,609,72,average,2,16,42,029,3077,0.235,0.028,0.64
338,42029302702,900,106,below average,1,17,42,029,3027.02,0.179,0.021,0.21
339,42029308200,753,88,above average,3,16,42,029,3082,0.279,0.033,0.87
340,42029301900,1030,82,above average,3,13,42,029,3019,0.253,0.020,0.76
341,42029302901,1130,131,average,2,13,42,029,3029.01,0.238,0.028,0.66
342,42029306600,826,70,above average,3,13,42,029,3066,0.254,0.022,0.76
343,42029307100,538,44,average,2,14,42,029,3071,0.234,0.019,0.63
344,42029307900,1017,132,average,2,19,42,029,3079,0.202,0.026,0.37
345,42029303401,960,129,average,2,25,42,029,3034.01,0.227,0.030,0.56
346,42029307000,1255,135,average,2,20,42,029,3070,0.230,0.025,0.59
347,42029306900,1740,149,above average,3,14,42,029,3069,0.296,0.025,0.91
348,42029308000,1675,156,well above average,4,24,42,029,3080,0.321,0.030,0.94
349,42029301402,1139,116,average,2,14,42,029,3014.02,0.215,0.022,0.47
350,42029301401,651,88,average,2,16,42,029,3014.01,0.243,0.033,0.69
351,42029307400,941,125,above average,3,17,42,029,3074,0.256,0.034,0.78
352,42029300800,760,191,below average,1,16,42,029,3008,0.178,0.045,0.21
353,42029300600,1360,178,above average,3,18,42,029,3006,0.261,0.034,0.80
354,42029301500,681,55,above average,3,14,42,029,3015,0.261,0.021,0.80
355,42029300700,918,181,below average,1,20,42,029,3007,0.181,0.036,0.23
356,42029300900,488,128,average,2,17,42,029,3009,0.212,0.056,0.45
357,42029300201,1359,167,above average,3,17,42,029,3002.01,0.266,0.033,0.82
358,42029307300,885,121,average,2,17,42,029,3073,0.233,0.032,0.63
359,42029302203,1272,174,above average,3,16,42,029,3022.03,0.252,0.034,0.75
360,42029300107,1149,98,above average,3,16,42,029,3001.07,0.264,0.023,0.81
361,42029300301,613,114,below average,1,17,42,029,3003.01,0.154,0.029,0.11
362,42029301100,674,129,average,2,16,42,029,3011,0.203,0.039,0.38
363,42029304406,762,68,average,2,13,42,029,3044.06,0.232,0.021,0.62
364,42029302706,820,64,below average,1,13,42,029,3027.06,0.176,0.014,0.20
365,42029302705,974,164,average,2,15,42,029,3027.05,0.236,0.040,0.65
366,42029303501,840,98,average,2,17,42,029,3035.01,0.192,0.022,0.30
367,42029303502,662,90,average,2,15,42,029,3035.02,0.231,0.031,0.60
368,42029303302,960,117,average,2,16,42,029,3033.02,0.194,0.024,0.31
369,42029304600,974,84,above average,3,13,42,029,3046,0.266,0.023,0.82
370,42029305400,1485,170,well above average,4,24,42,029,3054,0.361,0.041,0.98
371,42029302902,1384,220,average,2,15,42,029,3029.02,0.225,0.036,0.55
372,42029302202,1532,171,average,2,19,42,029,3022.02,0.222,0.025,0.53
373,42029301800,1289,110,above average,3,17,42,029,3018,0.260,0.022,0.79
374,42029300302,889,101,average,2,13,42,029,3003.02,0.243,0.028,0.69
375,42029300303,595,116,average,2,20,42,029,3003.03,0.191,0.037,0.29
376,42029300501,1269,84,above average,3,13,42,029,3005.01,0.276,0.018,0.86
377,42029300502,881,99,average,2,13,42,029,3005.02,0.235,0.026,0.64
378,42029305102,1209,155,above average,3,16,42,029,3051.02,0.257,0.033,0.78
379,42029305101,771,108,below average,1,13,42,029,3051.01,0.177,0.025,0.20
380,42029311404,853,157,average,2,15,42,029,3114.04,0.224,0.041,0.54
381,42029311403,632,106,below average,1,16,42,029,3114.03,0.173,0.029,0.18
382,42029303902,1163,196,average,2,13,42,029,3039.02,0.214,0.036,0.46
383,42029302703,1013,80,above average,3,13,42,029,3027.03,0.253,0.020,0.76
384,42029302704,1313,117,above average,3,15,42,029,3027.04,0.254,0.023,0.76
385,42029306300,757,80,above average,3,23,42,029,3063,0.266,0.028,0.82
386,42029302204,1709,205,above average,3,15,42,029,3022.04,0.264,0.032,0.81
387,42029305300,2024,242,above average,3,20,42,029,3053,0.272,0.032,0.84
388,42029302000,1305,94,average,2,14,42,029,3020,0.231,0.017,0.60
389,42029305600,1232,251,well above average,4,26,42,029,3056,0.390,0.079,0.99
390,42029305500,812,181,average,2,30,42,029,3055,0.228,0.051,0.57
391,42029305700,562,117,average,2,25,42,029,3057,0.245,0.051,0.71
392,42091201800,642,79,average,2,21,42,091,2018,0.218,0.027,0.50
393,42091201606,617,117,average,2,18,42,091,2016.06,0.247,0.047,0.72
394,42101036301,648,122,average,2,20,42,101,363.01,0.188,0.035,0.27
395,42101036400,7,15,well below average,0,21,42,101,364,0.009,0.018,0.00
396,42101036600,135,71,well below average,0,16,42,101,366,0.069,0.037,0.03
397,42091203208,521,81,below average,1,17,42,091,2032.08,0.176,0.027,0.20
398,42091203204,1221,264,average,2,20,42,091,2032.04,0.191,0.041,0.29
399,42091204102,316,71,well below average,0,12,42,091,2041.02,0.078,0.018,0.03
400,42091205906,405,68,average,2,17,42,091,2059.06,0.193,0.032,0.30
401,42091200301,1449,326,average,2,20,42,091,2003.01,0.244,0.055,0.70
402,42029303301,784,171,above average,3,20,42,029,3033.01,0.258,0.056,0.78
403,42029306503,729,187,above average,3,25,42,029,3065.03,0.276,0.071,0.86
404,42029306504,1359,234,above average,3,23,42,029,3065.04,0.271,0.047,0.84
405,42029306501,1049,150,average,2,15,42,029,3065.01,0.237,0.034,0.66
406,42029308101,1414,181,well above average,4,15,42,029,3081.01,0.311,0.040,0.93
407,42029304502,812,95,above average,3,12,42,029,3045.02,0.268,0.031,0.83
408,42029304405,1854,126,above average,3,14,42,029,3044.05,0.297,0.020,0.91
409,42029303100,1264,103,above average,3,16,42,029,3031,0.297,0.024,0.91
410,42029304201,1058,179,below average,1,16,42,029,3042.01,0.158,0.027,0.13
411,42029303402,442,91,average,2,23,42,029,3034.02,0.232,0.048,0.62
412,42029306700,1180,84,above average,3,13,42,029,3067,0.264,0.019,0.81
413,42029300108,1498,287,average,2,18,42,029,3001.08,0.247,0.047,0.72
414,42091200602,2120,280,average,2,20,42,091,2006.02,0.242,0.032,0.69
415,42091207001,1965,153,average,2,15,42,091,2070.01,0.244,0.019,0.70
416,42091208603,1722,146,above average,3,17,42,091,2086.03,0.255,0.022,0.77
417,42091200703,977,142,average,2,20,42,091,2007.03,0.230,0.033,0.59
418,42091201409,971,73,average,2,16,42,091,2014.09,0.218,0.016,0.50
419,42091201410,641,95,above average,3,16,42,091,2014.10,0.253,0.037,0.76
420,42091205903,506,67,average,2,15,42,091,2059.03,0.198,0.026,0.34
421,42091205807,270,66,below average,1,18,42,091,2058.07,0.163,0.040,0.14
422,42091200306,666,68,average,2,17,42,091,2003.06,0.194,0.020,0.31
423,42091200305,481,146,average,2,16,42,091,2003.05,0.215,0.065,0.47
424,42091200310,544,133,average,2,20,42,091,2003.10,0.201,0.049,0.36
425,42091206802,773,88,above average,3,14,42,091,2068.02,0.257,0.029,0.78
426,42091203207,760,86,average,2,15,42,091,2032.07,0.226,0.026,0.56
427,42091203304,516,70,below average,1,17,42,091,2033.04,0.135,0.018,0.08
428,42101003800,808,181,average,2,20,42,101,38,0.207,0.046,0.41
429,42101008302,1030,274,average,2,27,42,101,83.02,0.238,0.063,0.66
430,42101017602,1718,388,well above average,4,31,42,101,176.02,0.403,0.091,0.99
431,42101001002,472,126,below average,1,15,42,101,10.02,0.139,0.037,0.08
432,42101001001,236,108,well below average,0,17,42,101,10.01,0.089,0.041,0.04
433,42101000402,26,33,well below average,0,19,42,101,4.02,0.008,0.010,0.00
434,42101000401,80,15,well below average,0,22,42,101,4.01,0.030,0.006,0.01
435,42091200104,886,133,average,2,17,42,091,2001.04,0.210,0.032,0.43
436,42091208201,404,90,below average,1,13,42,091,2082.01,0.185,0.041,0.25
437,42091208904,843,228,above average,3,22,42,091,2089.04,0.251,0.068,0.74
438,42091207003,649,94,average,2,15,42,091,2070.03,0.215,0.031,0.47
439,42091208301,463,93,below average,1,11,42,091,2083.01,0.180,0.036,0.22
440,42091200707,709,93,below average,1,21,42,091,2007.07,0.175,0.023,0.19
441,42091206905,1274,126,above average,3,15,42,091,2069.05,0.253,0.025,0.76
442,42091206702,8,11,well below average,0,11,42,091,2067.02,0.002,0.003,0.00
443,42091208702,602,107,below average,1,13,42,091,2087.02,0.181,0.032,0.23
444,42091200103,1080,96,above average,3,18,42,091,2001.03,0.262,0.023,0.80
445,42091201201,1358,298,average,2,18,42,091,2012.01,0.221,0.049,0.52
446,42091207202,1090,113,average,2,19,42,091,2072.02,0.248,0.026,0.73
447,42091200908,447,60,average,2,18,42,091,2009.08,0.203,0.027,0.38
448,42091208100,775,84,above average,3,14,42,091,2081,0.261,0.028,0.80
449,42091205808,1113,85,average,2,22,42,091,2058.08,0.214,0.016,0.46
450,42091206102,2196,190,above average,3,17,42,091,2061.02,0.251,0.022,0.74
451,42091206005,928,92,average,2,17,42,091,2060.05,0.221,0.022,0.52
452,42091207800,1771,228,above average,3,14,42,091,2078,0.250,0.032,0.74
453,42091203302,1145,129,below average,1,17,42,091,2033.02,0.182,0.021,0.23
454,42091202500,835,275,below average,1,23,42,091,2025,0.151,0.050,0.11
455,42091203602,879,166,average,2,21,42,091,2036.02,0.214,0.040,0.46
456,42091206300,853,67,below average,1,11,42,091,2063,0.162,0.013,0.14
457,42091204600,1309,214,above average,3,16,42,091,2046,0.295,0.048,0.90
458,42091204101,575,136,below average,1,13,42,091,2041.01,0.148,0.035,0.10
459,42091205700,821,195,below average,1,17,42,091,2057,0.179,0.043,0.21
460,42091205809,590,56,average,2,18,42,091,2058.09,0.210,0.020,0.43
461,42091201901,1052,142,average,2,18,42,091,2019.01,0.213,0.029,0.45
462,42091202100,1010,163,average,2,19,42,091,2021,0.228,0.037,0.57
463,42091202402,1108,146,average,2,20,42,091,2024.02,0.232,0.031,0.62
464,42091204701,345,96,below average,1,14,42,091,2047.01,0.169,0.047,0.16
465,42091207300,618,96,average,2,21,42,091,2073,0.230,0.036,0.59
466,42091208801,276,113,average,2,22,42,091,2088.01,0.206,0.085,0.40
467,42091207201,489,62,average,2,15,42,091,2072.01,0.209,0.026,0.42
468,42091203801,1035,191,above average,3,25,42,091,2038.01,0.271,0.050,0.84
469,42091201203,767,114,average,2,17,42,091,2012.03,0.236,0.035,0.65
470,42101012204,551,171,below average,1,26,42,101,122.04,0.147,0.046,0.09
471,42101012203,69,74,well below average,0,23,42,101,122.03,0.107,0.115,0.05
472,42101013602,631,302,below average,1,16,42,101,136.02,0.172,0.082,0.17
473,42101034501,535,147,below average,1,28,42,101,345.01,0.154,0.042,0.11
474,42101034502,873,222,below average,1,26,42,101,345.02,0.175,0.044,0.19
475,42101001102,186,63,well below average,0,12,42,101,11.02,0.072,0.025,0.03
476,42101000902,172,93,well below average,0,21,42,101,9.02,0.065,0.035,0.02
477,42101000901,76,35,well below average,0,17,42,101,9.01,0.035,0.016,0.01
478,42101017201,922,322,above average,3,26,42,101,172.01,0.289,0.101,0.89
479,42101017202,590,241,average,2,29,42,101,172.02,0.197,0.081,0.33
480,42101027401,709,158,average,2,29,42,101,274.01,0.213,0.047,0.45
481,42101034803,854,170,average,2,21,42,101,348.03,0.200,0.040,0.35
482,42101034702,835,175,average,2,20,42,101,347.02,0.211,0.044,0.44
483,42101036202,1255,296,average,2,19,42,101,362.02,0.210,0.050,0.43
484,42091202604,486,69,average,2,22,42,091,2026.04,0.206,0.029,0.40
485,42091202302,414,42,average,2,23,42,091,2023.02,0.194,0.020,0.31
486,42091203105,1311,161,average,2,14,42,091,2031.05,0.246,0.030,0.72
487,42091201902,864,113,below average,1,19,42,091,2019.02,0.157,0.021,0.12
488,42091202202,644,142,average,2,22,42,091,2022.02,0.207,0.046,0.41
489,42091209100,1279,119,average,2,14,42,091,2091,0.234,0.022,0.63
490,42091204500,1120,189,average,2,14,42,091,2045,0.236,0.040,0.65
491,42091208802,1014,423,above average,3,21,42,091,2088.02,0.293,0.122,0.90
492,42091207500,895,254,above average,3,14,42,091,2075,0.266,0.076,0.82
493,42091201302,658,155,average,2,18,42,091,2013.02,0.224,0.053,0.54
494,34021002500,1112,252,below average,1,23,34,021,25,0.182,0.041,0.23
495,34021002702,1266,357,average,2,25,34,021,27.02,0.198,0.056,0.34
496,34021002800,1591,403,average,2,26,34,021,28,0.225,0.057,0.55
497,34021002601,1165,247,above average,3,27,34,021,26.01,0.267,0.057,0.83
498,42101038400,508,70,average,2,19,42,101,384,0.207,0.029,0.41
499,42091205100,208,47,below average,1,19,42,091,2051,0.129,0.029,0.07
500,42091201404,1031,111,average,2,17,42,091,2014.04,0.216,0.023,0.48
501,42091203203,1134,202,above average,3,21,42,091,2032.03,0.264,0.047,0.81
502,34005701700,828,165,average,2,16,34,005,7017,0.214,0.043,0.46
503,34005701502,711,90,below average,1,17,34,005,7015.02,0.173,0.022,0.18
504,34005701201,758,138,average,2,19,34,005,7012.01,0.232,0.042,0.62
505,34005701203,326,62,below average,1,18,34,005,7012.03,0.175,0.033,0.19
506,34005701204,672,188,above average,3,27,34,005,7012.04,0.267,0.075,0.83
507,34005701205,379,93,below average,1,21,34,005,7012.05,0.172,0.042,0.17
508,42091201003,968,146,average,2,19,42,091,2010.03,0.194,0.029,0.31
509,42091206007,2074,268,above average,3,18,42,091,2060.07,0.300,0.039,0.92
510,42091210400,900,128,average,2,21,42,091,2104,0.207,0.029,0.41
511,42091200906,304,50,below average,1,20,42,091,2009.06,0.169,0.028,0.16
512,42091201005,766,83,average,2,15,42,091,2010.05,0.232,0.025,0.62
513,42091203601,903,156,above average,3,27,42,091,2036.01,0.301,0.052,0.92
514,42091207900,508,71,average,2,17,42,091,2079,0.203,0.028,0.38
515,42091209202,514,91,average,2,19,42,091,2092.02,0.239,0.042,0.67
516,42091209201,421,84,average,2,12,42,091,2092.01,0.246,0.049,0.72
517,42091203500,1476,341,average,2,23,42,091,2035,0.231,0.053,0.60
518,42091207101,1450,254,average,2,14,42,091,2071.01,0.236,0.041,0.65
519,42101020600,242,86,below average,1,22,42,101,206,0.145,0.052,0.09
520,42101029100,1552,315,well above average,4,33,42,101,291,0.322,0.065,0.94
521,42101029200,1323,308,above average,3,31,42,101,292,0.286,0.066,0.88
522,42101029300,1076,326,well above average,4,31,42,101,293,0.353,0.107,0.97
523,42101029400,1012,383,well above average,4,32,42,101,294,0.351,0.133,0.97
524,42101029800,1530,343,above average,3,27,42,101,298,0.295,0.066,0.90
525,42101033300,665,167,below average,1,24,42,101,333,0.157,0.039,0.12
526,42101033400,1112,321,average,2,26,42,101,334,0.200,0.058,0.35
527,42101033500,1100,262,above average,3,29,42,101,335,0.269,0.064,0.84
528,42101033600,1685,421,average,2,23,42,101,336,0.224,0.056,0.54
529,42101033800,1441,230,average,2,24,42,101,338,0.230,0.037,0.59
530,42101033900,812,278,average,2,21,42,101,339,0.238,0.081,0.66
531,42101034000,814,124,above average,3,21,42,101,340,0.275,0.042,0.86
532,42101021300,678,202,below average,1,13,42,101,213,0.178,0.053,0.21
533,42091204400,852,166,above average,3,17,42,091,2044,0.273,0.053,0.85
534,42091201204,314,83,below average,1,18,42,091,2012.04,0.147,0.039,0.09
535,42091208905,526,85,average,2,15,42,091,2089.05,0.188,0.030,0.27
536,42091208901,824,204,average,2,18,42,091,2089.01,0.223,0.055,0.53
537,42091201603,777,145,below average,1,17,42,091,2016.03,0.181,0.034,0.23
538,42091204009,317,72,below average,1,18,42,091,2040.09,0.186,0.042,0.26
539,42091208906,955,183,above average,3,21,42,091,2089.06,0.252,0.048,0.75
540,42091208203,1085,99,average,2,12,42,091,2082.03,0.236,0.022,0.65
541,42091206801,1815,218,above average,3,19,42,091,2068.01,0.249,0.030,0.73
542,42091200501,935,131,average,2,14,42,091,2005.01,0.227,0.032,0.56
543,42091200605,1337,216,average,2,20,42,091,2006.05,0.220,0.036,0.51
544,42091205904,404,43,below average,1,15,42,091,2059.04,0.183,0.019,0.24
545,42091205905,621,163,below average,1,18,42,091,2059.05,0.179,0.047,0.21
546,42091200603,709,52,average,2,16,42,091,2006.03,0.210,0.015,0.43
547,42101018400,514,86,average,2,15,42,101,184,0.211,0.035,0.44
548,42101018800,3575,683,well above average,4,30,42,101,188,0.390,0.075,0.99
549,42101021700,1001,214,below average,1,16,42,101,217,0.171,0.037,0.17
550,42101021800,768,211,below average,1,19,42,101,218,0.176,0.048,0.20
551,42101021900,222,44,below average,1,14,42,101,219,0.147,0.029,0.09
552,42091200507,1149,106,average,2,16,42,091,2005.07,0.215,0.020,0.47
553,42091201502,448,48,average,2,18,42,091,2015.02,0.238,0.026,0.66
554,42091204007,414,91,average,2,16,42,091,2040.07,0.188,0.041,0.27
555,42091203402,955,169,below average,1,18,42,091,2034.02,0.146,0.026,0.09
556,42091200401,554,94,below average,1,16,42,091,2004.01,0.172,0.029,0.17
557,42091200200,294,82,average,2,16,42,091,2002,0.214,0.060,0.46
558,42091204200,137,38,well below average,0,12,42,091,2042,0.101,0.028,0.04
559,42091204010,627,57,average,2,15,42,091,2040.10,0.241,0.022,0.68
560,42091209000,491,151,well above average,4,21,42,091,2090,0.323,0.099,0.95
561,42101016701,651,271,average,2,25,42,101,167.01,0.227,0.094,0.56
562,42101021400,230,62,well below average,0,11,42,101,214,0.051,0.014,0.02
563,42101021500,499,121,below average,1,13,42,101,215,0.129,0.031,0.07
564,42101021600,394,191,below average,1,16,42,101,216,0.181,0.088,0.23
565,42101024100,162,77,well below average,0,23,42,101,241,0.111,0.053,0.05
566,42101024200,626,215,average,2,26,42,101,242,0.191,0.066,0.29
567,42101024300,896,354,above average,3,21,42,101,243,0.274,0.108,0.85
568,42101024400,544,274,average,2,24,42,101,244,0.194,0.098,0.31
569,42101024500,1023,195,above average,3,26,42,101,245,0.283,0.054,0.88
570,42101024600,900,190,well above average,4,25,42,101,246,0.323,0.068,0.95
571,42101024700,1141,311,above average,3,26,42,101,247,0.267,0.073,0.83
572,42101024800,698,157,well above average,4,25,42,101,248,0.317,0.071,0.94
573,42101024900,877,316,above average,3,27,42,101,249,0.277,0.100,0.86
574,42101028200,1681,428,above average,3,30,42,101,282,0.304,0.077,0.92
575,42101031800,1030,184,above average,3,28,42,101,318,0.263,0.047,0.80
576,42101031900,1131,289,average,2,25,42,101,319,0.229,0.059,0.58
577,42101032000,1286,364,average,2,22,42,101,320,0.206,0.058,0.40
578,42101032100,1496,632,well above average,4,25,42,101,321,0.351,0.148,0.97
579,42101032300,596,165,average,2,19,42,101,323,0.194,0.054,0.31
580,42091208704,1583,198,well above average,4,20,42,091,2087.04,0.319,0.040,0.94
581,42091208604,1379,142,average,2,14,42,091,2086.04,0.233,0.024,0.63
582,42091200606,830,110,above average,3,18,42,091,2006.06,0.249,0.033,0.73
583,42091206502,1312,108,above average,3,14,42,091,2065.02,0.270,0.022,0.84
584,34005700502,615,142,above average,3,17,34,005,7005.02,0.270,0.062,0.84
585,34005700503,1041,95,above average,3,16,34,005,7005.03,0.284,0.026,0.88
586,42101022000,343,94,average,2,24,42,101,220,0.194,0.053,0.31
587,42101980100,4,7,well below average,0,11,42,101,9801,0.037,0.065,0.01
588,42101023100,356,61,above average,3,17,42,101,231,0.259,0.044,0.79
589,42101023500,252,106,average,2,17,42,101,235,0.193,0.081,0.30
590,42101023600,433,120,below average,1,17,42,101,236,0.177,0.049,0.20
591,42101023700,1007,165,average,2,21,42,101,237,0.190,0.031,0.28
592,42101023800,693,229,below average,1,20,42,101,238,0.167,0.055,0.15
593,42101023900,28,27,well below average,0,26,42,101,239,0.022,0.022,0.01
594,42101024000,539,235,below average,1,22,42,101,240,0.159,0.069,0.13
595,42101025700,702,165,below average,1,22,42,101,257,0.186,0.044,0.26
596,34015500600,3062,224,above average,3,17,34,015,5006,0.299,0.022,0.91
597,42101016702,575,199,average,2,24,42,101,167.02,0.206,0.071,0.40
598,42101027901,822,248,average,2,23,42,101,279.01,0.225,0.068,0.55
599,42101027902,388,130,well below average,0,18,42,101,279.02,0.090,0.030,0.04
600,42101008101,441,297,average,2,27,42,101,81.01,0.188,0.127,0.27
601,42101007102,850,331,below average,1,25,42,101,71.02,0.184,0.072,0.25
602,42101008802,144,39,well below average,0,17,42,101,88.02,0.022,0.006,0.01
603,42101008702,260,52,well below average,0,20,42,101,87.02,0.099,0.020,0.04
604,42101008701,755,237,below average,1,19,42,101,87.01,0.156,0.049,0.12
605,42101008102,1273,406,average,2,22,42,101,81.02,0.232,0.074,0.62
606,42101008602,431,156,average,2,22,42,101,86.02,0.192,0.070,0.30
607,42101037500,913,301,average,2,23,42,101,375,0.219,0.072,0.51
608,42101980800,-99999,-99999,no data,-99999,0,42,101,9808,-99999.000,-99999.000,-99999.00
609,42101018002,1244,305,average,2,22,42,101,180.02,0.217,0.053,0.49
610,42101008801,6,12,well below average,0,17,42,101,88.01,0.003,0.005,0.00
611,42101012201,319,223,well below average,0,30,42,101,122.01,0.104,0.072,0.04
612,42101009801,682,228,above average,3,27,42,101,98.01,0.282,0.094,0.88
613,42101007101,584,180,average,2,27,42,101,71.01,0.229,0.071,0.58
614,34015502400,1509,147,above average,3,17,34,015,5024,0.252,0.025,0.75
615,42091201301,670,80,average,2,20,42,091,2013.01,0.188,0.022,0.27
616,42091200607,1063,82,average,2,16,42,091,2006.07,0.246,0.019,0.72
617,42091206501,1480,119,well above average,4,17,42,091,2065.01,0.338,0.027,0.96
618,42091206704,2118,187,above average,3,15,42,091,2067.04,0.289,0.025,0.89
619,42101026900,402,104,below average,1,26,42,101,269,0.181,0.047,0.23
620,42101027000,596,150,average,2,24,42,101,270,0.200,0.050,0.35
621,42101027100,536,151,below average,1,27,42,101,271,0.173,0.049,0.18
622,42101027200,1274,250,above average,3,27,42,101,272,0.252,0.050,0.75
623,42101027300,2048,659,above average,3,30,42,101,273,0.301,0.097,0.92
624,42101027500,1670,479,well above average,4,28,42,101,275,0.315,0.090,0.93
625,42101027600,832,204,average,2,24,42,101,276,0.232,0.057,0.62
626,42101027700,1247,391,average,2,25,42,101,277,0.244,0.076,0.70
627,42101027800,1215,364,above average,3,28,42,101,278,0.270,0.081,0.84
628,34005702601,760,128,below average,1,16,34,005,7026.01,0.181,0.030,0.23
629,34005702603,629,125,average,2,19,34,005,7026.03,0.231,0.046,0.60
630,34005702908,672,155,below average,1,18,34,005,7029.08,0.165,0.038,0.15
631,34005702906,451,60,average,2,18,34,005,7029.06,0.215,0.029,0.47
632,34021004203,1032,160,above average,3,22,34,021,42.03,0.249,0.039,0.73
633,34021004201,1904,380,above average,3,20,34,021,42.01,0.259,0.052,0.79
634,34015501101,785,197,below average,1,22,34,015,5011.01,0.181,0.045,0.23
635,34015500500,1071,133,average,2,16,34,015,5005,0.220,0.027,0.51
636,34015500202,1010,107,average,2,17,34,015,5002.02,0.226,0.024,0.56
637,34015500100,914,147,average,2,19,34,015,5001,0.216,0.035,0.48
638,34005702500,1286,164,average,2,18,34,005,7025,0.213,0.027,0.45
639,34005701001,849,184,below average,1,23,34,005,7010.01,0.170,0.037,0.17
640,34015501500,2043,232,average,2,19,34,015,5015,0.244,0.028,0.70
641,34015501206,580,136,below average,1,21,34,015,5012.06,0.160,0.037,0.13
642,34015501105,590,129,average,2,21,34,015,5011.05,0.194,0.042,0.31
643,34015500204,1416,226,average,2,19,34,015,5002.04,0.220,0.035,0.51
644,34021004501,335,64,well below average,0,13,34,021,45.01,0.051,0.010,0.02
645,34021001101,528,155,average,2,27,34,021,11.01,0.231,0.068,0.60
646,34021003904,1355,109,average,2,18,34,021,39.04,0.226,0.018,0.56
647,34021004309,1094,122,average,2,15,34,021,43.09,0.240,0.027,0.67
648,34021004310,2537,237,above average,3,19,34,021,43.10,0.265,0.025,0.81
649,34015501403,806,142,average,2,17,34,015,5014.03,0.215,0.038,0.47
650,34015501404,112,78,well below average,0,13,34,015,5014.04,0.036,0.025,0.01
651,34015501212,777,128,average,2,18,34,015,5012.12,0.207,0.034,0.41
652,34015501213,1161,169,average,2,15,34,015,5012.13,0.242,0.035,0.69
653,34015501406,986,186,average,2,21,34,015,5014.06,0.200,0.038,0.35
654,34015501608,1296,212,average,2,19,34,015,5016.08,0.246,0.040,0.72
655,34015502002,1811,206,above average,3,14,34,015,5020.02,0.251,0.029,0.74
656,34021004406,1111,274,average,2,26,34,021,44.06,0.220,0.054,0.51
657,34021004403,1341,254,average,2,25,34,021,44.03,0.242,0.046,0.69
658,34021004405,2083,223,above average,3,25,34,021,44.05,0.260,0.028,0.79
659,34021004204,936,110,below average,1,18,34,021,42.04,0.169,0.020,0.16
660,34021000200,1060,321,above average,3,27,34,021,2,0.279,0.085,0.87
661,34021000300,1303,358,above average,3,28,34,021,3,0.296,0.081,0.91
662,34021000400,1575,314,well above average,4,29,34,021,4,0.325,0.065,0.95
663,34021000500,1263,281,above average,3,25,34,021,5,0.294,0.065,0.90
664,34021000600,1060,257,average,2,26,34,021,6,0.219,0.053,0.51
665,34021000700,671,210,average,2,25,34,021,7,0.244,0.076,0.70
666,34021000800,493,163,average,2,27,34,021,8,0.220,0.073,0.51
667,34021000900,510,190,below average,1,27,34,021,9,0.154,0.057,0.11
668,42091201704,859,108,above average,3,13,42,091,2017.04,0.256,0.032,0.78
669,42091202401,657,137,below average,1,23,42,091,2024.01,0.177,0.037,0.20
670,42091200106,347,53,below average,1,22,42,091,2001.06,0.178,0.027,0.21
671,34005701002,812,127,average,2,20,34,005,7010.02,0.211,0.033,0.44
672,34005704006,473,65,average,2,19,34,005,7040.06,0.205,0.028,0.39
673,34005704007,610,87,below average,1,17,34,005,7040.07,0.163,0.023,0.14
674,34005704008,1111,100,average,2,15,34,005,7040.08,0.207,0.019,0.41
675,34005704009,985,119,average,2,16,34,005,7040.09,0.206,0.025,0.40
676,42091203401,838,142,below average,1,20,42,091,2034.01,0.140,0.024,0.08
677,42101000100,171,74,well below average,0,15,42,101,1,0.043,0.018,0.01
678,42101000200,321,93,below average,1,23,42,101,2,0.125,0.036,0.06
679,42101000300,272,77,well below average,0,18,42,101,3,0.077,0.022,0.03
680,42101000500,33,15,well below average,0,17,42,101,5,0.013,0.006,0.01
681,42101000600,88,77,well below average,0,17,42,101,6,0.068,0.059,0.03
682,42091206904,871,162,below average,1,19,42,091,2069.04,0.158,0.029,0.13
683,42091201006,366,49,below average,1,17,42,091,2010.06,0.162,0.022,0.14
684,42091204300,526,89,average,2,20,42,091,2043,0.190,0.032,0.28
685,42091205200,547,67,below average,1,15,42,091,2052,0.184,0.023,0.25
686,42091203403,408,58,below average,1,18,42,091,2034.03,0.132,0.019,0.07
687,42091200907,582,88,average,2,12,42,091,2009.07,0.232,0.035,0.62
688,42091207004,937,154,average,2,16,42,091,2070.04,0.220,0.036,0.51
689,42091204702,871,120,above average,3,18,42,091,2047.02,0.256,0.035,0.78
690,42101034100,1133,315,average,2,17,42,101,341,0.192,0.053,0.30
691,42101034200,534,62,below average,1,24,42,101,342,0.154,0.018,0.11
692,42101980200,102,42,below average,1,18,42,101,9802,0.143,0.059,0.09
693,42101034400,1664,156,average,2,22,42,101,344,0.209,0.020,0.42
694,42101034600,446,123,below average,1,21,42,101,346,0.167,0.046,0.15
695,42091201703,600,86,average,2,15,42,091,2017.03,0.195,0.028,0.32
696,42091202301,798,137,below average,1,17,42,091,2023.01,0.172,0.030,0.17
697,42091203104,768,131,average,2,17,42,091,2031.04,0.188,0.032,0.27
698,42091202602,452,64,below average,1,16,42,091,2026.02,0.169,0.024,0.16
699,42091201607,752,158,average,2,19,42,091,2016.07,0.212,0.045,0.45
700,42091203700,356,87,below average,1,23,42,091,2037,0.185,0.045,0.25
701,42091201604,670,111,average,2,19,42,091,2016.04,0.217,0.036,0.49
702,42091201608,1108,167,average,2,18,42,091,2016.08,0.233,0.035,0.63
703,42091205000,266,73,well below average,0,19,42,091,2050,0.106,0.029,0.05
704,42091205502,989,84,above average,3,17,42,091,2055.02,0.272,0.023,0.84
705,42091205600,1007,92,average,2,17,42,091,2056,0.234,0.021,0.63
706,42091206006,398,74,below average,1,17,42,091,2060.06,0.142,0.026,0.09
707,42091200901,1010,108,average,2,23,42,091,2009.01,0.244,0.026,0.70
708,42091206703,972,135,average,2,15,42,091,2067.03,0.241,0.033,0.68
709,42091210600,834,100,average,2,17,42,091,2106,0.192,0.023,0.30
710,42101000700,84,58,well below average,0,19,42,101,7,0.026,0.018,0.01
711,42101003200,1169,480,above average,3,29,42,101,32,0.252,0.104,0.75
712,42101003300,938,377,below average,1,22,42,101,33,0.157,0.063,0.12
713,42101003600,2250,605,above average,3,29,42,101,36,0.305,0.082,0.92
714,42101003701,1600,317,above average,3,27,42,101,37.01,0.256,0.051,0.78
715,42101003702,1096,222,above average,3,26,42,101,37.02,0.274,0.056,0.85
716,42101004101,1636,498,above average,3,29,42,101,41.01,0.255,0.078,0.77
717,42101004002,897,274,below average,1,19,42,101,40.02,0.180,0.055,0.22
718,42101003902,938,250,below average,1,15,42,101,39.02,0.159,0.042,0.13
719,42101004001,527,195,below average,1,24,42,101,40.01,0.131,0.048,0.07
720,42101004102,2505,492,above average,3,27,42,101,41.02,0.264,0.052,0.81
721,42101004202,1289,234,average,2,24,42,101,42.02,0.221,0.040,0.52
722,42101004201,980,211,below average,1,22,42,101,42.01,0.183,0.039,0.24
723,42101025800,388,87,average,2,25,42,101,258,0.226,0.051,0.56
724,42101025900,861,329,below average,1,21,42,101,259,0.177,0.068,0.20
725,42101026000,473,211,below average,1,26,42,101,260,0.155,0.069,0.12
726,42101026100,777,287,average,2,25,42,101,261,0.217,0.080,0.49
727,42101026200,835,244,average,2,23,42,101,262,0.194,0.057,0.31
728,42101034801,895,181,average,2,19,42,101,348.01,0.200,0.041,0.35
729,42101026302,1224,368,average,2,24,42,101,263.02,0.215,0.065,0.47
730,42091208500,1089,108,average,2,17,42,091,2085,0.223,0.022,0.53
731,42091205801,428,169,below average,1,24,42,091,2058.01,0.140,0.055,0.08
732,42091200502,989,148,average,2,16,42,091,2005.02,0.201,0.030,0.36
733,42091208302,2586,169,above average,3,15,42,091,2083.02,0.268,0.017,0.83
734,42091201100,685,89,average,2,12,42,091,2011,0.211,0.027,0.44
735,42091201004,1014,94,average,2,22,42,091,2010.04,0.190,0.018,0.28
736,42091200704,646,136,below average,1,17,42,091,2007.04,0.178,0.037,0.21
737,42091206906,508,66,below average,1,13,42,091,2069.06,0.176,0.023,0.20
738,42101032500,1067,391,below average,1,21,42,101,325,0.183,0.067,0.24
739,42101032600,1829,463,above average,3,23,42,101,326,0.280,0.071,0.87
740,42101989100,82,95,well below average,0,22,42,101,9891,0.028,0.032,0.01
741,42101032900,566,289,below average,1,20,42,101,329,0.178,0.091,0.21
742,42101033000,2033,560,above average,3,22,42,101,330,0.281,0.077,0.87
743,42101033200,710,120,above average,3,19,42,101,332,0.264,0.045,0.81
744,42101980300,-99999,-99999,no data,-99999,0,42,101,9803,-99999.000,-99999.000,-99999.00
745,42101035500,1342,197,average,2,26,42,101,355,0.193,0.028,0.30
746,42101035800,1531,461,average,2,25,42,101,358,0.227,0.068,0.56
747,42101035900,768,110,below average,1,25,42,101,359,0.151,0.022,0.11
748,42101036000,453,109,below average,1,28,42,101,360,0.145,0.035,0.09
749,42101036100,859,178,average,2,18,42,101,361,0.229,0.047,0.58
750,42101036203,1308,192,average,2,16,42,101,362.03,0.239,0.035,0.67
751,42101035302,724,182,below average,1,17,42,101,353.02,0.165,0.041,0.15
752,42091210700,1402,111,above average,3,15,42,091,2107,0.249,0.020,0.73
753,42091203902,624,230,average,2,26,42,091,2039.02,0.201,0.074,0.36
754,42091203303,463,119,well below average,0,23,42,091,2033.03,0.117,0.030,0.06
755,42091201705,1187,170,above average,3,15,42,091,2017.05,0.263,0.038,0.80
756,42091208601,1594,116,above average,3,15,42,091,2086.01,0.264,0.019,0.81
757,42091206600,271,49,average,2,15,42,091,2066,0.196,0.035,0.32
758,34005702905,808,119,average,2,16,34,005,7029.05,0.194,0.029,0.31
759,34005702101,1833,192,well above average,4,18,34,005,7021.01,0.446,0.047,0.99
760,34005700102,507,83,below average,1,20,34,005,7001.02,0.184,0.030,0.25
761,42101026400,1272,443,average,2,25,42,101,264,0.218,0.076,0.50
762,42101026500,1204,362,average,2,23,42,101,265,0.236,0.071,0.65
763,42101026600,1271,271,average,2,26,42,101,266,0.204,0.044,0.39
764,42101026700,1561,445,above average,3,27,42,101,267,0.254,0.072,0.76
765,42101026800,968,274,average,2,26,42,101,268,0.213,0.060,0.45
766,42101029900,1311,299,well above average,4,28,42,101,299,0.315,0.072,0.93
767,42101030000,2638,572,well above average,4,29,42,101,300,0.356,0.077,0.98
768,42101030100,1444,479,above average,3,27,42,101,301,0.253,0.084,0.76
769,42101030200,1858,576,average,2,28,42,101,302,0.241,0.075,0.68
770,42101030600,1921,425,average,2,26,42,101,306,0.240,0.053,0.67
771,42101030700,1041,263,above average,3,22,42,101,307,0.267,0.067,0.83
772,42101030800,1059,215,average,2,28,42,101,308,0.218,0.044,0.50
773,42101030900,1209,298,above average,3,28,42,101,309,0.273,0.067,0.85
774,34015501703,929,179,average,2,17,34,015,5017.03,0.218,0.042,0.50
775,34015501102,1264,156,average,2,19,34,015,5011.02,0.189,0.023,0.28
776,42101980500,-99999,-99999,no data,-99999,0,42,101,9805,-99999.000,-99999.000,-99999.00
777,42101000801,118,35,well below average,0,11,42,101,8.01,0.074,0.022,0.03
778,42101001101,286,119,well below average,0,17,42,101,11.01,0.078,0.032,0.03
779,42101027402,2099,454,above average,3,31,42,101,274.02,0.290,0.063,0.89
780,42101008601,323,110,well below average,0,19,42,101,86.01,0.113,0.038,0.05
781,42101036502,858,180,average,2,17,42,101,365.02,0.208,0.044,0.42
782,42101036700,245,99,well below average,0,13,42,101,367,0.082,0.033,0.03
783,42101037600,285,89,well below average,0,22,42,101,376,0.093,0.029,0.04
784,42101038600,263,48,average,2,17,42,101,386,0.187,0.034,0.26
785,42101038500,290,51,below average,1,18,42,101,385,0.155,0.027,0.12
786,42101038700,377,48,below average,1,18,42,101,387,0.147,0.019,0.09
787,42101038800,725,158,below average,1,17,42,101,388,0.186,0.041,0.26
788,42101038900,515,193,below average,1,25,42,101,389,0.162,0.061,0.14
789,42101980000,119,108,well below average,0,16,42,101,9800,0.116,0.105,0.06
790,34021004502,238,49,average,2,22,34,021,45.02,0.195,0.040,0.32
791,42101028000,1035,358,above average,3,26,42,101,280,0.260,0.090,0.79
792,42101028100,1159,336,above average,3,28,42,101,281,0.260,0.075,0.79
793,34005704012,1105,197,average,2,14,34,005,7040.12,0.206,0.037,0.40
794,34005700401,430,75,average,2,17,34,005,7004.01,0.202,0.035,0.37
795,34005700402,478,53,below average,1,13,34,005,7004.02,0.148,0.016,0.10
796,34005700403,850,87,average,2,17,34,005,7004.03,0.188,0.019,0.27
797,34005700405,443,122,average,2,18,34,005,7004.05,0.232,0.064,0.62
798,34005700103,283,97,well below average,0,16,34,005,7001.03,0.110,0.038,0.05
799,34005700104,432,118,average,2,21,34,005,7001.04,0.221,0.060,0.52
800,34005702300,308,77,average,2,22,34,005,7023,0.204,0.051,0.39
801,34005702203,557,114,below average,1,23,34,005,7022.03,0.165,0.034,0.15
802,34005702206,415,98,average,2,19,34,005,7022.06,0.200,0.047,0.35
803,34005700305,1059,107,average,2,16,34,005,7003.05,0.205,0.021,0.39
804,34005700306,505,83,average,2,16,34,005,7003.06,0.204,0.034,0.39
805,34015500201,429,80,below average,1,17,34,015,5002.01,0.177,0.033,0.20
806,34021002100,1106,266,average,2,31,34,021,21,0.221,0.053,0.52
807,34021002200,1239,322,average,2,26,34,021,22,0.229,0.059,0.58
808,34021002701,1007,215,average,2,23,34,021,27.01,0.236,0.050,0.65
809,34021002400,0,12,well below average,0,13,34,021,24,0.000,0.010,0.00
810,34021004301,2665,237,above average,3,24,34,021,43.01,0.308,0.027,0.93
811,34021004304,1832,153,average,2,22,34,021,43.04,0.229,0.019,0.58
812,34021003800,1533,216,average,2,16,34,021,38,0.205,0.029,0.39
813,34021003706,510,85,below average,1,19,34,021,37.06,0.145,0.024,0.09
814,34021003100,911,193,average,2,25,34,021,31,0.202,0.043,0.37
815,42101005500,1568,656,average,2,25,42,101,55,0.240,0.100,0.67
816,42101005600,305,103,above average,3,26,42,101,56,0.296,0.100,0.91
817,42101006000,1385,378,average,2,25,42,101,60,0.226,0.062,0.56
818,42101006100,910,185,above average,3,28,42,101,61,0.274,0.056,0.85
819,42101006200,1994,365,well above average,4,28,42,101,62,0.384,0.070,0.98
820,42101006300,1229,266,above average,3,28,42,101,63,0.288,0.062,0.89
821,42101010000,1379,299,above average,3,27,42,101,100,0.299,0.065,0.91
822,42101010100,1387,548,average,2,26,42,101,101,0.197,0.078,0.33
823,42101010200,876,220,above average,3,26,42,101,102,0.291,0.073,0.89
824,42101010300,947,298,well above average,4,26,42,101,103,0.356,0.112,0.98
825,42101010400,1020,387,above average,3,28,42,101,104,0.251,0.095,0.74
826,42101010500,1286,261,above average,3,29,42,101,105,0.288,0.058,0.89
827,42101010600,563,193,well above average,4,28,42,101,106,0.355,0.122,0.98
828,42101010700,1290,317,well above average,4,24,42,101,107,0.345,0.085,0.97
829,42101010800,969,237,above average,3,23,42,101,108,0.252,0.062,0.75
830,42101010900,813,178,well above average,4,24,42,101,109,0.313,0.068,0.93
831,42101011000,1377,626,well above average,4,25,42,101,110,0.350,0.159,0.97
832,42101011100,724,203,average,2,26,42,101,111,0.235,0.066,0.64
833,42101011200,1409,606,above average,3,25,42,101,112,0.284,0.122,0.88
834,42101011300,519,207,average,2,23,42,101,113,0.189,0.075,0.28
835,34021004404,1709,183,average,2,23,34,021,44.04,0.243,0.026,0.69
836,34015501405,973,165,average,2,16,34,015,5014.05,0.241,0.041,0.68
837,34015501609,1668,143,above average,3,18,34,015,5016.09,0.282,0.024,0.88
838,34015502001,1747,205,well above average,4,15,34,015,5020.01,0.313,0.037,0.93
839,34021003400,619,176,average,2,23,34,021,34,0.245,0.070,0.71
840,34021003500,1314,303,average,2,23,34,021,35,0.189,0.044,0.28
841,34021003601,1005,405,above average,3,22,34,021,36.01,0.265,0.107,0.81
842,34021003602,517,172,below average,1,17,34,021,36.02,0.153,0.051,0.11
843,34021003705,889,346,below average,1,17,34,021,37.05,0.142,0.055,0.09
844,42101020101,922,321,average,2,27,42,101,201.01,0.229,0.080,0.58
845,34005700307,569,41,average,2,15,34,005,7003.07,0.207,0.015,0.41
846,34005700800,825,110,below average,1,18,34,005,7008,0.183,0.024,0.24
847,34005700602,1485,116,average,2,17,34,005,7006.02,0.239,0.019,0.67
848,34005700303,655,118,below average,1,18,34,005,7003.03,0.180,0.032,0.22
849,34005700605,1069,145,average,2,15,34,005,7006.05,0.231,0.031,0.60
850,42091208903,569,122,average,2,20,42,091,2089.03,0.213,0.046,0.45
851,42091204008,652,151,average,2,16,42,091,2040.08,0.240,0.056,0.67
852,42091200800,704,97,average,2,21,42,091,2008,0.212,0.029,0.45
853,42091205503,1097,103,average,2,21,42,091,2055.03,0.230,0.022,0.59
854,34021003302,1907,300,average,2,23,34,021,33.02,0.232,0.037,0.62
855,34021003201,1224,206,below average,1,17,34,021,32.01,0.162,0.027,0.14
856,34021003903,569,66,average,2,17,34,021,39.03,0.222,0.026,0.53
857,34021003202,1041,250,below average,1,22,34,021,32.02,0.183,0.044,0.24
858,34021004000,960,184,below average,1,18,34,021,40,0.179,0.034,0.21
859,42101007900,740,210,below average,1,18,42,101,79,0.167,0.047,0.15
860,42101008000,771,294,average,2,22,42,101,80,0.198,0.076,0.34
861,42101008200,1238,347,average,2,28,42,101,82,0.193,0.054,0.30
862,42101017601,1809,374,well above average,4,31,42,101,176.01,0.316,0.065,0.94
863,42101008301,1005,275,average,2,28,42,101,83.01,0.209,0.057,0.42
864,42091206201,449,102,average,2,17,42,091,2062.01,0.191,0.043,0.29
865,42101001300,826,123,below average,1,17,42,101,13,0.135,0.020,0.08
866,42101001400,441,130,well below average,0,14,42,101,14,0.112,0.033,0.05
867,42101001500,380,85,below average,1,18,42,101,15,0.132,0.030,0.07
868,42101001600,274,49,below average,1,12,42,101,16,0.126,0.023,0.06
869,42101001700,512,147,below average,1,12,42,101,17,0.174,0.050,0.18
870,42101001800,504,97,below average,1,17,42,101,18,0.154,0.030,0.11
871,42101001900,444,172,below average,1,18,42,101,19,0.141,0.054,0.09
872,42101002000,268,95,below average,1,17,42,101,20,0.131,0.047,0.07
873,42101002100,254,103,well below average,0,19,42,101,21,0.111,0.045,0.05
874,42101002200,458,233,average,2,23,42,101,22,0.198,0.101,0.34
875,42101002300,313,145,well below average,0,21,42,101,23,0.110,0.051,0.05
876,42101002400,916,239,below average,1,20,42,101,24,0.172,0.045,0.17
877,42101002500,718,205,below average,1,19,42,101,25,0.183,0.052,0.24
878,42101002900,666,285,below average,1,21,42,101,29,0.160,0.068,0.13
879,42101003100,798,267,average,2,28,42,101,31,0.196,0.066,0.32
880,42101005000,-99999,-99999,no data,-99999,0,42,101,50,-99999.000,-99999.000,-99999.00
881,42101005400,271,96,average,2,24,42,101,54,0.192,0.068,0.30
882,42101002801,979,260,average,2,27,42,101,28.01,0.203,0.054,0.38
883,42101020102,724,320,average,2,23,42,101,201.02,0.235,0.104,0.64
884,42101031101,1684,314,above average,3,31,42,101,311.01,0.306,0.057,0.92
885,42101031102,1399,328,well above average,4,30,42,101,311.02,0.321,0.075,0.94
886,42101019502,1339,404,well above average,4,32,42,101,195.02,0.367,0.111,0.98
887,42101019501,1219,370,above average,3,32,42,101,195.01,0.275,0.083,0.86
888,42101028901,1486,279,well above average,4,30,42,101,289.01,0.335,0.063,0.96
889,42101028902,2123,462,above average,3,33,42,101,289.02,0.304,0.066,0.92
890,42101033101,1060,233,average,2,18,42,101,331.01,0.222,0.049,0.53
891,42101033102,775,186,average,2,21,42,101,331.02,0.214,0.051,0.46
892,42101031501,1407,376,average,2,20,42,101,315.01,0.222,0.059,0.53
893,42101030501,2016,399,well above average,4,27,42,101,305.01,0.339,0.067,0.96
894,42101030502,2193,271,well above average,4,31,42,101,305.02,0.327,0.040,0.95
895,42101009802,2101,475,well above average,4,21,42,101,98.02,0.326,0.074,0.95
896,42101018001,470,150,below average,1,16,42,101,180.01,0.177,0.056,0.20
897,42101017702,1824,393,well above average,4,32,42,101,177.02,0.335,0.072,0.96
898,42101017701,1392,450,well above average,4,30,42,101,177.01,0.347,0.112,0.97
899,42101035602,537,128,below average,1,22,42,101,356.02,0.164,0.039,0.14
900,42101036201,806,168,below average,1,17,42,101,362.01,0.169,0.035,0.16
901,42091205501,722,169,average,2,19,42,091,2055.01,0.202,0.047,0.37
902,42091205300,318,48,below average,1,22,42,091,2053,0.150,0.023,0.10
903,42091203000,799,128,average,2,16,42,091,2030,0.240,0.039,0.67
904,42091210300,849,97,average,2,17,42,091,2103,0.205,0.023,0.39
905,42091200105,698,58,average,2,17,42,091,2001.05,0.242,0.020,0.69
906,42091206400,856,65,average,2,17,42,091,2064,0.241,0.018,0.68
907,42091203205,486,78,average,2,15,42,091,2032.05,0.225,0.036,0.55
908,42091207104,354,68,well below average,0,15,42,091,2071.04,0.123,0.024,0.06
909,42101006400,1125,398,above average,3,28,42,101,64,0.306,0.108,0.92
910,42101006500,1014,291,average,2,24,42,101,65,0.241,0.069,0.68
911,42101008400,1585,528,well above average,4,26,42,101,84,0.330,0.110,0.96
912,42101008500,1809,566,average,2,26,42,101,85,0.244,0.076,0.70
913,42101009000,236,111,well below average,0,17,42,101,90,0.038,0.018,0.01
914,42101009100,220,169,well below average,0,23,42,101,91,0.079,0.061,0.03
915,42101009200,881,259,average,2,24,42,101,92,0.247,0.073,0.72
916,42101009300,1068,375,above average,3,25,42,101,93,0.260,0.091,0.79
917,42101009400,1113,277,above average,3,27,42,101,94,0.270,0.067,0.84
918,42101009500,621,223,average,2,26,42,101,95,0.203,0.073,0.38
919,42101009600,945,353,average,2,26,42,101,96,0.219,0.082,0.51
920,42101013800,537,137,above average,3,25,42,101,138,0.254,0.065,0.76
921,42101013900,734,268,average,2,25,42,101,139,0.248,0.091,0.73
922,42101014000,601,162,average,2,25,42,101,140,0.198,0.053,0.34
923,42101014100,547,119,average,2,30,42,101,141,0.218,0.047,0.50
924,42101014200,362,112,well below average,0,13,42,101,142,0.092,0.029,0.04
925,42101014300,179,52,well below average,0,13,42,101,143,0.105,0.030,0.05
926,42101031000,2181,464,above average,3,28,42,101,310,0.272,0.058,0.84
927,42101031200,1747,309,well above average,4,31,42,101,312,0.334,0.059,0.96
928,42101031300,1958,411,above average,3,29,42,101,313,0.296,0.062,0.91
929,42101031600,1897,546,above average,3,23,42,101,316,0.286,0.082,0.88
930,42101031700,1649,392,above average,3,27,42,101,317,0.280,0.067,0.87
931,34015501210,924,151,above average,3,12,34,015,5012.10,0.252,0.041,0.75
932,34015501103,1148,172,average,2,17,34,015,5011.03,0.229,0.034,0.58
933,34015501402,561,176,below average,1,20,34,015,5014.02,0.166,0.052,0.15
934,34015502300,730,71,above average,3,22,34,015,5023,0.280,0.027,0.87
935,34015500702,1485,186,above average,3,15,34,015,5007.02,0.250,0.031,0.74
936,34015501003,875,146,average,2,18,34,015,5010.03,0.236,0.039,0.65
937,34015501204,887,90,average,2,15,34,015,5012.04,0.229,0.023,0.58
938,34015501104,576,98,below average,1,20,34,015,5011.04,0.183,0.031,0.24
939,42101036302,1006,261,above average,3,21,42,101,363.02,0.292,0.076,0.90
940,42101036900,214,104,well below average,0,15,42,101,369,0.040,0.019,0.01
941,42101037300,811,203,below average,1,17,42,101,373,0.139,0.035,0.08
942,42101037200,791,179,below average,1,25,42,101,372,0.172,0.039,0.17
943,42101038300,969,248,above average,3,30,42,101,383,0.259,0.066,0.79
944,42101039000,3770,596,well above average,4,31,42,101,390,0.406,0.064,0.99
945,42101037800,273,126,well below average,0,14,42,101,378,0.104,0.048,0.04
946,42101037700,823,262,below average,1,22,42,101,377,0.150,0.048,0.10
947,42091201706,1183,266,above average,3,18,42,091,2017.06,0.252,0.057,0.75
948,42091201605,580,108,average,2,17,42,091,2016.05,0.197,0.037,0.33
949,42091202000,552,59,average,2,13,42,091,2020,0.217,0.023,0.49
950,42101006600,1092,334,well above average,4,32,42,101,66,0.324,0.099,0.95
951,42101006700,1651,484,above average,3,30,42,101,67,0.254,0.074,0.76
952,42101006900,873,274,well above average,4,28,42,101,69,0.343,0.108,0.97
953,42101007000,818,254,average,2,26,42,101,70,0.232,0.072,0.62
954,42101007200,1391,326,above average,3,26,42,101,72,0.276,0.065,0.86
955,42101007300,401,140,below average,1,23,42,101,73,0.159,0.055,0.13
956,42101007400,1059,345,average,2,28,42,101,74,0.242,0.079,0.69
957,42101007700,112,62,well below average,0,19,42,101,77,0.053,0.029,0.02
958,42101007800,495,156,well below average,0,18,42,101,78,0.116,0.036,0.06
959,42101011500,1269,302,above average,3,26,42,101,115,0.266,0.063,0.82
960,42101011700,83,32,well below average,0,15,42,101,117,0.044,0.017,0.02
961,34005702204,417,106,below average,1,20,34,005,7022.04,0.180,0.046,0.22
962,34005702208,1491,122,average,2,19,34,005,7022.08,0.216,0.018,0.48
963,34005700701,484,158,below average,1,17,34,005,7007.01,0.156,0.051,0.12
964,42101036303,1358,208,average,2,18,42,101,363.03,0.224,0.034,0.54
965,42101034701,1303,333,average,2,22,42,101,347.01,0.204,0.052,0.39
966,42101034802,1284,256,average,2,22,42,101,348.02,0.232,0.046,0.62
967,42101034900,1151,405,average,2,21,42,101,349,0.212,0.074,0.45
968,42101035100,241,113,well below average,0,18,42,101,351,0.060,0.028,0.02
969,42101035200,730,185,below average,1,17,42,101,352,0.183,0.046,0.24
970,42101035301,1156,171,average,2,18,42,101,353.01,0.218,0.032,0.50
971,42101026301,806,255,average,2,22,42,101,263.01,0.201,0.064,0.36
972,42101000804,117,42,well below average,0,14,42,101,8.04,0.029,0.010,0.01
973,34021004407,1861,320,above average,3,24,34,021,44.07,0.251,0.043,0.74
974,34021004306,1660,144,above average,3,20,34,021,43.06,0.300,0.026,0.92
975,42091201411,664,83,average,2,14,42,091,2014.11,0.233,0.029,0.63
976,42091200307,537,73,below average,1,20,42,091,2003.07,0.172,0.023,0.17
977,42091204900,1288,147,average,2,17,42,091,2049,0.244,0.028,0.70
978,42091205400,1349,148,average,2,19,42,091,2054,0.217,0.024,0.49
979,42091204002,810,136,average,2,19,42,091,2040.02,0.233,0.039,0.63
980,42091204800,1054,95,average,2,17,42,091,2048,0.210,0.019,0.43
981,42091200402,911,121,average,2,14,42,091,2004.02,0.218,0.029,0.50
982,34005703600,1565,143,average,2,14,34,005,7036,0.225,0.021,0.55
983,34005703700,1655,174,above average,3,15,34,005,7037,0.255,0.027,0.77
984,34005703801,1546,202,average,2,15,34,005,7038.01,0.223,0.029,0.53
985,34005703802,830,99,average,2,16,34,005,7038.02,0.203,0.024,0.38
986,34005703803,1142,155,average,2,16,34,005,7038.03,0.234,0.032,0.63
987,34005701102,1291,127,average,2,20,34,005,7011.02,0.236,0.023,0.65
988,34005700702,758,130,above average,3,20,34,005,7007.02,0.272,0.047,0.84
989,34015501209,1934,306,above average,3,20,34,015,5012.09,0.253,0.040,0.76
990,34015502200,3791,256,well above average,4,17,34,015,5022,0.319,0.022,0.94
991,34015500701,1558,214,average,2,16,34,015,5007.01,0.201,0.028,0.36
992,34015501900,830,160,average,2,16,34,015,5019,0.201,0.039,0.36
993,34015501605,1024,178,average,2,20,34,015,5016.05,0.216,0.038,0.48
994,34021002903,656,114,average,2,22,34,021,29.03,0.216,0.037,0.48
995,34021002902,1167,223,average,2,22,34,021,29.02,0.239,0.046,0.67
996,34021003001,1020,94,below average,1,18,34,021,30.01,0.171,0.016,0.17
997,34021003002,1080,106,average,2,16,34,021,30.02,0.196,0.019,0.32
998,34015500300,719,88,average,2,16,34,015,5003,0.239,0.029,0.67
999,34015501704,1177,233,above average,3,21,34,015,5017.04,0.257,0.051,0.78
1000,34015501800,370,59,average,2,16,34,015,5018,0.222,0.035,0.53
1001,34015501201,1460,152,average,2,15,34,015,5012.01,0.235,0.024,0.64
1002,34015500205,598,83,below average,1,17,34,015,5002.05,0.172,0.024,0.17
1003,42091203106,323,64,below average,1,15,42,091,2031.06,0.167,0.033,0.15
1004,42091208204,981,76,above average,3,14,42,091,2082.04,0.272,0.021,0.84
1005,34015500703,288,56,average,2,14,34,015,5007.03,0.197,0.038,0.33
1006,34015500203,911,129,average,2,14,34,015,5002.03,0.197,0.028,0.33
1007,34015500900,603,90,average,2,15,34,015,5009,0.199,0.030,0.35
1008,34015501107,878,139,average,2,15,34,015,5011.07,0.199,0.031,0.35
1009,34015500800,534,58,average,2,13,34,015,5008,0.247,0.027,0.72
1010,34015501001,499,70,average,2,21,34,015,5010.01,0.227,0.032,0.56
1011,34015501002,822,215,average,2,27,34,015,5010.02,0.200,0.052,0.35
1012,34015501106,924,156,average,2,19,34,015,5011.06,0.236,0.040,0.65
1013,34005701103,1823,183,above average,3,18,34,005,7011.03,0.289,0.029,0.89
1014,34005701104,914,148,average,2,22,34,005,7011.04,0.201,0.033,0.36
1015,34005701105,1665,323,above average,3,23,34,005,7011.05,0.262,0.051,0.80
1016,34005700304,545,49,average,2,15,34,005,7003.04,0.218,0.020,0.50
1017,42101035701,944,154,average,2,25,42,101,357.01,0.207,0.034,0.41
1018,42101035702,1017,219,average,2,25,42,101,357.02,0.240,0.052,0.67
1019,42101035601,864,174,below average,1,25,42,101,356.01,0.162,0.033,0.14
1020,42101015101,528,239,average,2,24,42,101,151.01,0.228,0.103,0.57
1021,42101015102,872,267,above average,3,30,42,101,151.02,0.249,0.076,0.73
1022,42101036501,1037,277,average,2,20,42,101,365.01,0.202,0.054,0.37
1023,34021003003,925,166,below average,1,15,34,021,30.03,0.149,0.027,0.10
1024,34021003009,669,112,below average,1,22,34,021,30.09,0.129,0.022,0.07
1025,34021003006,1184,133,average,2,16,34,021,30.06,0.200,0.022,0.35
1026,34021003007,723,107,average,2,14,34,021,30.07,0.203,0.030,0.38
1027,34021003008,958,109,below average,1,16,34,021,30.08,0.176,0.020,0.20
1028,34021003004,855,179,below average,1,16,34,021,30.04,0.164,0.034,0.14
1029,34021003902,452,43,average,2,14,34,021,39.02,0.237,0.023,0.66
1030,42091207600,852,116,average,2,12,42,091,2076,0.230,0.031,0.59
1031,42091206104,911,65,above average,3,14,42,091,2061.04,0.292,0.021,0.90
1032,42091200708,1080,148,average,2,17,42,091,2007.08,0.192,0.026,0.30
1033,42091206105,1785,125,above average,3,13,42,091,2061.05,0.298,0.021,0.91
1034,42091206106,1156,102,average,2,14,42,091,2061.06,0.238,0.021,0.66
1035,42091200308,852,125,average,2,17,42,091,2003.08,0.214,0.031,0.46
1036,42091203103,670,74,average,2,13,42,091,2031.03,0.228,0.025,0.57
1037,42091208000,921,108,average,2,15,42,091,2080,0.238,0.028,0.66
1038,42091210200,637,53,average,2,14,42,091,2102,0.236,0.020,0.65
1039,42101014400,701,246,below average,1,21,42,101,144,0.186,0.065,0.26
1040,42101014500,598,138,well above average,4,30,42,101,145,0.337,0.078,0.96
1041,42101014600,377,133,well below average,0,21,42,101,146,0.092,0.032,0.04
1042,42101014700,281,237,well below average,0,18,42,101,147,0.095,0.080,0.04
1043,42101014800,222,109,average,2,22,42,101,148,0.221,0.109,0.52
1044,42101014900,573,270,below average,1,26,42,101,149,0.169,0.080,0.16
1045,42091208400,698,68,average,2,14,42,091,2084,0.196,0.019,0.32
1046,42091200506,1063,128,average,2,13,42,091,2005.06,0.235,0.028,0.64
1047,42091200309,656,127,average,2,16,42,091,2003.09,0.235,0.046,0.64
1048,42101025200,1784,467,average,2,24,42,101,252,0.242,0.063,0.69
1049,42101025300,1060,260,above average,3,26,42,101,253,0.254,0.062,0.76
1050,42101025400,728,242,below average,1,23,42,101,254,0.175,0.058,0.19
1051,42101025500,425,130,below average,1,19,42,101,255,0.154,0.047,0.11
1052,42101025600,451,110,below average,1,16,42,101,256,0.163,0.040,0.14
1053,42101028300,2124,589,well above average,4,28,42,101,283,0.323,0.089,0.95
1054,42101028400,1316,302,above average,3,29,42,101,284,0.279,0.064,0.87
1055,42101028500,891,183,above average,3,34,42,101,285,0.309,0.063,0.93
1056,42101028600,2858,530,well above average,4,34,42,101,286,0.380,0.070,0.98
1057,42101028700,811,178,well above average,4,33,42,101,287,0.319,0.070,0.94
1058,42101028800,1414,271,well above average,4,35,42,101,288,0.325,0.062,0.95
1059,42101029000,1984,416,above average,3,31,42,101,290,0.279,0.058,0.87
1060,42101980400,-99999,-99999,no data,-99999,0,42,101,9804,-99999.000,-99999.000,-99999.00
1061,42101013402,226,70,well below average,0,15,42,101,134.02,0.081,0.025,0.03
1062,42101013401,143,65,well below average,0,18,42,101,134.01,0.061,0.028,0.02
1063,42101013601,336,84,well below average,0,14,42,101,136.01,0.117,0.029,0.06
1064,42101037900,962,217,below average,1,21,42,101,379,0.177,0.040,0.20
1065,42101038200,598,211,average,2,24,42,101,382,0.232,0.082,0.62
1066,42101038000,784,144,well above average,4,23,42,101,380,0.321,0.059,0.94
1067,42101038100,184,73,average,2,23,42,101,381,0.231,0.092,0.60
1068,42091200505,2145,249,above average,3,16,42,091,2005.05,0.282,0.033,0.88
1069,42091201406,1182,129,above average,3,16,42,091,2014.06,0.254,0.028,0.76
1070,42091200902,225,50,below average,1,18,42,091,2009.02,0.181,0.040,0.23
1071,42091207400,643,100,average,2,12,42,091,2074,0.225,0.035,0.55
1072,42091206202,611,90,above average,3,15,42,091,2062.02,0.251,0.037,0.74
1073,42091200903,1040,177,average,2,20,42,091,2009.03,0.228,0.039,0.57
1074,42091210500,994,110,average,2,19,42,091,2105,0.226,0.025,0.56
1075,42091205805,778,148,average,2,20,42,091,2058.05,0.234,0.044,0.63
1076,42101011800,743,374,below average,1,26,42,101,118,0.127,0.064,0.06
1077,42101011900,908,303,average,2,23,42,101,119,0.192,0.064,0.30
1078,42101012000,180,70,well below average,0,18,42,101,120,0.103,0.040,0.04
1079,42101012100,555,186,average,2,27,42,101,121,0.189,0.063,0.28
1080,42101012500,225,105,well below average,0,18,42,101,125,0.043,0.020,0.01
1081,42101013100,460,100,above average,3,21,42,101,131,0.269,0.058,0.84
1082,42101013200,502,162,below average,1,27,42,101,132,0.182,0.059,0.23
1083,42101015200,2438,636,well above average,4,29,42,101,152,0.423,0.110,0.99
1084,42101015300,242,177,well below average,0,16,42,101,153,0.059,0.043,0.02
1085,42101015600,604,187,above average,3,29,42,101,156,0.295,0.091,0.90
1086,42101019000,3344,563,well above average,4,28,42,101,190,0.399,0.067,0.99
1087,42101019100,2728,451,above average,3,32,42,101,191,0.308,0.051,0.93
1088,42101019200,3517,744,well above average,4,31,42,101,192,0.390,0.082,0.99
1089,42101019700,2168,528,well above average,4,33,42,101,197,0.317,0.077,0.94
1090,42101019800,2287,477,well above average,4,32,42,101,198,0.328,0.068,0.95
1091,42101019900,1038,297,above average,3,30,42,101,199,0.254,0.073,0.76
1092,42101020000,316,121,average,2,24,42,101,200,0.238,0.091,0.66
1093,42101020200,759,410,below average,1,26,42,101,202,0.174,0.094,0.18
1094,42101020300,746,261,above average,3,23,42,101,203,0.257,0.090,0.78
1095,42101020400,703,352,above average,3,26,42,101,204,0.267,0.134,0.83
1096,42101020500,611,159,average,2,25,42,101,205,0.221,0.058,0.52
1097,42101001202,414,137,well below average,0,11,42,101,12.02,0.081,0.027,0.03
1098,42101001201,587,143,below average,1,15,42,101,12.01,0.142,0.035,0.09
1099,42101000803,211,85,well below average,0,15,42,101,8.03,0.059,0.024,0.02
1100,42101011400,1890,578,above average,3,27,42,101,114,0.262,0.080,0.80
1101,42101015700,471,144,below average,1,23,42,101,157,0.175,0.054,0.19
1102,42101015800,790,222,below average,1,16,42,101,158,0.128,0.036,0.07
1103,42101016000,1063,254,below average,1,14,42,101,160,0.158,0.038,0.13
1104,42101016100,1388,368,average,2,23,42,101,161,0.233,0.062,0.63
1105,42101016200,650,169,above average,3,30,42,101,162,0.266,0.069,0.82
1106,42101016300,1188,288,well above average,4,31,42,101,163,0.320,0.078,0.94
1107,42101016400,1041,232,average,2,30,42,101,164,0.240,0.053,0.67
1108,42101016500,1128,349,well above average,4,33,42,101,165,0.420,0.130,0.99
1109,42101016600,164,90,well below average,0,25,42,101,166,0.101,0.055,0.04
1110,42101016800,882,330,average,2,23,42,101,168,0.245,0.092,0.71
1111,42101003901,840,261,below average,1,23,42,101,39.01,0.135,0.042,0.08
1112,42101016902,2197,711,well above average,4,25,42,101,169.02,0.379,0.123,0.98
1113,42101016901,875,366,above average,3,25,42,101,169.01,0.255,0.107,0.77
1114,42101020700,778,206,below average,1,16,42,101,207,0.137,0.036,0.08
1115,42101020800,143,56,well below average,0,19,42,101,208,0.065,0.026,0.02
1116,42101020900,394,65,below average,1,13,42,101,209,0.134,0.022,0.07
1117,42101021000,440,122,well below average,0,13,42,101,210,0.088,0.024,0.03
1118,42101021100,357,74,below average,1,17,42,101,211,0.143,0.030,0.09
1119,42101021200,460,100,average,2,18,42,101,212,0.189,0.041,0.28
1120,42091201501,639,81,below average,1,23,42,091,2015.01,0.176,0.022,0.20
1121,42091205806,570,94,above average,3,20,42,091,2058.06,0.252,0.042,0.75
1122,42091206004,1089,142,below average,1,16,42,091,2060.04,0.170,0.022,0.17
1123,42091208703,679,133,below average,1,15,42,091,2087.03,0.175,0.034,0.19
1124,42091206901,951,153,average,2,22,42,091,2069.01,0.200,0.032,0.35
1125,34005703804,1956,181,above average,3,15,34,005,7038.04,0.264,0.024,0.81
1126,42101013300,664,226,below average,1,18,42,101,133,0.176,0.060,0.20
1127,42101013500,601,213,below average,1,18,42,101,135,0.159,0.056,0.13
1128,42101013700,979,424,average,2,21,42,101,137,0.204,0.088,0.39
1129,42101017000,538,226,below average,1,24,42,101,170,0.173,0.073,0.18
1130,42101017100,1147,258,above average,3,25,42,101,171,0.287,0.065,0.89
1131,42101017300,496,235,average,2,24,42,101,173,0.190,0.090,0.28
1132,42101017400,459,133,average,2,29,42,101,174,0.208,0.060,0.42
1133,42101017500,2180,621,well above average,4,32,42,101,175,0.318,0.091,0.94
1134,42101017800,2171,477,well above average,4,30,42,101,178,0.349,0.077,0.97
1135,42101017900,2428,589,well above average,4,30,42,101,179,0.333,0.081,0.96
1136,42101018300,786,211,average,2,15,42,101,183,0.196,0.053,0.32
1137,34015501604,1965,298,above average,3,20,34,015,5016.04,0.267,0.041,0.83
1138,34015501606,1619,205,average,2,18,34,015,5016.06,0.228,0.029,0.57
1139,34021001402,615,216,above average,3,28,34,021,14.02,0.289,0.101,0.89
1140,34021001500,1012,308,well above average,4,30,34,021,15,0.336,0.102,0.96
1141,42101980900,-99999,-99999,no data,-99999,0,42,101,9809,-99999.000,-99999.000,-99999.00
1142,42101002702,657,197,below average,1,17,42,101,27.02,0.154,0.046,0.11
1143,42101003002,321,132,well below average,0,23,42,101,30.02,0.107,0.044,0.05
1144,42101003001,698,226,below average,1,25,42,101,30.01,0.158,0.051,0.13
1145,42101002802,816,151,below average,1,25,42,101,28.02,0.138,0.026,0.08
1146,42101980700,-99999,-99999,no data,-99999,0,42,101,9807,-99999.000,-99999.000,-99999.00
1147,42101002701,798,360,average,2,25,42,101,27.01,0.191,0.086,0.29
1148,42101980600,-99999,-99999,no data,-99999,0,42,101,9806,-99999.000,-99999.000,-99999.00
1149,42101033701,1348,311,average,2,27,42,101,337.01,0.243,0.056,0.69
1150,42101033702,1041,311,average,2,25,42,101,337.02,0.199,0.059,0.35
1151,42101031502,927,167,average,2,26,42,101,315.02,0.241,0.043,0.68
1152,42101031401,2029,390,above average,3,30,42,101,314.01,0.273,0.053,0.85
1153,42101031402,1514,302,above average,3,30,42,101,314.02,0.272,0.054,0.84
1154,42091202603,586,56,below average,1,16,42,091,2026.03,0.178,0.017,0.21
1155,42091202201,1074,200,average,2,18,42,091,2022.01,0.226,0.042,0.56
1156,42091203803,1663,302,above average,3,26,42,091,2038.03,0.295,0.053,0.90
1157,42091203804,1188,280,well above average,4,30,42,091,2038.04,0.356,0.084,0.98
1158,42091203901,860,282,above average,3,30,42,091,2039.01,0.262,0.086,0.80
1159,42091210100,961,106,average,2,18,42,091,2101,0.243,0.027,0.69
1160,42091201408,975,95,average,2,15,42,091,2014.08,0.225,0.022,0.55
1161,42091201407,610,86,average,2,19,42,091,2014.07,0.235,0.033,0.64
1162,42091207103,1093,199,above average,3,15,42,091,2071.03,0.258,0.047,0.78
1163,34015501303,477,125,average,2,16,34,015,5013.03,0.189,0.050,0.28
1164,34005703900,944,76,average,2,14,34,005,7039,0.231,0.019,0.60
1165,34005700504,702,103,average,2,14,34,005,7005.04,0.236,0.035,0.65
1166,34005700505,1556,147,above average,3,19,34,005,7005.05,0.258,0.024,0.78
1167,34005700501,1257,154,average,2,14,34,005,7005.01,0.222,0.027,0.53
1168,34021003704,364,86,below average,1,18,34,021,37.04,0.136,0.032,0.08
1169,34021002602,858,188,average,2,23,34,021,26.02,0.193,0.042,0.30
1170,34021003703,578,73,well below average,0,15,34,021,37.03,0.081,0.010,0.03
1171,34021000100,765,197,average,2,27,34,021,1,0.237,0.061,0.66
1172,34021001600,408,168,well above average,4,30,34,021,16,0.338,0.139,0.96
1173,34021001700,940,292,above average,3,28,34,021,17,0.249,0.077,0.73
1174,34021001800,965,292,average,2,24,34,021,18,0.198,0.060,0.34
1175,34021001900,586,164,well above average,4,30,34,021,19,0.358,0.100,0.98
1176,34021002000,315,127,above average,3,25,34,021,20,0.276,0.111,0.86
1177,34015501702,502,95,average,2,15,34,015,5017.02,0.199,0.038,0.35
1178,34021001000,606,286,average,2,34,34,021,10,0.228,0.108,0.57
1179,34021001300,683,234,below average,1,18,34,021,13,0.149,0.051,0.10
1180,34021001200,954,201,average,2,24,34,021,12,0.226,0.048,0.56
1181,34021001401,1310,341,well above average,4,27,34,021,14.01,0.323,0.084,0.95
1182,34005700900,543,100,average,2,21,34,005,7009,0.214,0.039,0.46
1183,34015501701,1191,142,average,2,12,34,015,5017.01,0.226,0.027,0.56
1184,34021003301,1357,239,below average,1,17,34,021,33.01,0.186,0.033,0.26
1185,34021002904,1052,142,average,2,17,34,021,29.04,0.199,0.027,0.35
1186,34021004307,1409,169,average,2,19,34,021,43.07,0.243,0.029,0.69
1187,34021001102,1259,264,well above average,4,28,34,021,11.02,0.345,0.072,0.97
1188,34021003905,1316,143,above average,3,16,34,021,39.05,0.266,0.029,0.82
1189,34015500400,1554,259,above average,3,22,34,015,5004,0.259,0.043,0.79
1190,34015501302,646,94,average,2,12,34,015,5013.02,0.230,0.033,0.59
1191,34015501208,633,92,below average,1,14,34,015,5012.08,0.156,0.023,0.12
1192,34015501301,822,84,average,2,14,34,015,5013.01,0.229,0.023,0.58
1193,34015501603,1227,120,average,2,18,34,015,5016.03,0.192,0.019,0.30
1194,34015501202,1098,101,average,2,14,34,015,5012.02,0.236,0.022,0.65
1195,34015501203,655,75,average,2,13,34,015,5012.03,0.207,0.024,0.41
1196,34015501205,663,81,average,2,15,34,015,5012.05,0.232,0.028,0.62
1197,34015502100,900,74,above average,3,15,34,015,5021,0.281,0.023,0.87
1198,34007608401,852,188,average,2,15,34,007,6084.01,0.222,0.049,0.53
1199,34007604600,366,64,below average,1,15,34,007,6046,0.182,0.032,0.23
1200,34007603506,1273,226,average,2,20,34,007,6035.06,0.205,0.036,0.39
1201,34007609203,2642,439,above average,3,21,34,007,6092.03,0.279,0.046,0.87
1202,34007608503,768,136,above average,3,25,34,007,6085.03,0.261,0.046,0.80
1203,34007607702,824,183,average,2,25,34,007,6077.02,0.215,0.048,0.47
1204,34007603303,553,138,average,2,27,34,007,6033.03,0.199,0.050,0.35
1205,34007603603,550,43,average,2,16,34,007,6036.03,0.240,0.019,0.67
1206,34007608903,559,122,below average,1,13,34,007,6089.03,0.176,0.038,0.20
1207,34007608901,1500,162,average,2,17,34,007,6089.01,0.241,0.026,0.68
1208,34007608403,1975,344,above average,3,17,34,007,6084.03,0.283,0.049,0.88
1209,34007603602,534,60,average,2,16,34,007,6036.02,0.213,0.024,0.45
1210,34007603501,1572,208,above average,3,20,34,007,6035.01,0.251,0.033,0.74
1211,34007607701,1100,289,average,2,28,34,007,6077.01,0.201,0.053,0.36
1212,34007607801,1519,424,above average,3,27,34,007,6078.01,0.253,0.071,0.76
1213,34007608206,837,160,average,2,14,34,007,6082.06,0.231,0.044,0.60
1214,34007609205,1363,159,average,2,17,34,007,6092.05,0.210,0.025,0.43
1215,34007600700,443,125,well above average,4,31,34,007,6007,0.311,0.088,0.93
1216,34007609202,1483,318,above average,3,20,34,007,6092.02,0.298,0.064,0.91
1217,34007607505,1127,159,average,2,19,34,007,6075.05,0.227,0.032,0.56
1218,34007603800,1295,186,average,2,14,34,007,6038,0.244,0.035,0.70
1219,34007603002,1079,239,average,2,26,34,007,6030.02,0.239,0.053,0.67
1220,34007601101,945,267,above average,3,32,34,007,6011.01,0.289,0.082,0.89
1221,34007601200,1709,446,above average,3,32,34,007,6012,0.297,0.078,0.91
1222,34007601300,1414,293,well above average,4,33,34,007,6013,0.326,0.068,0.95
1223,34007601000,1966,354,above average,3,27,34,007,6010,0.299,0.054,0.91
1224,34007601600,991,277,well above average,4,29,34,007,6016,0.398,0.111,0.99
1225,34007601102,1937,333,well above average,4,31,34,007,6011.02,0.329,0.057,0.96
1226,34007601400,1211,344,above average,3,27,34,007,6014,0.268,0.076,0.83
1227,34007603301,1158,153,average,2,23,34,007,6033.01,0.228,0.030,0.57
1228,34007603507,1332,184,average,2,21,34,007,6035.07,0.192,0.027,0.30
1229,34007603700,1052,175,above average,3,20,34,007,6037,0.257,0.043,0.78
1230,34007603505,777,69,average,2,19,34,007,6035.05,0.225,0.020,0.55
1231,34007609204,1006,199,above average,3,28,34,007,6092.04,0.263,0.052,0.80
1232,34007604300,574,137,below average,1,15,34,007,6043,0.152,0.036,0.11
1233,34007603400,1553,312,average,2,20,34,007,6034,0.212,0.043,0.45
1234,34007603200,1161,98,below average,1,20,34,007,6032,0.174,0.015,0.18
1235,34007603302,1661,276,above average,3,21,34,007,6033.02,0.252,0.042,0.75
1236,34007607401,412,100,below average,1,18,34,007,6074.01,0.148,0.036,0.10
1237,34007608700,1719,154,average,2,16,34,007,6087,0.226,0.020,0.56
1238,34007608302,907,214,average,2,21,34,007,6083.02,0.194,0.046,0.31
1239,34007600900,1508,283,well above average,4,32,34,007,6009,0.350,0.066,0.97
1240,34007600400,1033,376,well above average,4,29,34,007,6004,0.362,0.132,0.98
1241,34007602901,741,162,below average,1,21,34,007,6029.01,0.153,0.033,0.11
1242,34007603001,853,177,average,2,18,34,007,6030.01,0.219,0.045,0.51
1243,34007601500,2046,506,well above average,4,31,34,007,6015,0.352,0.087,0.97
1244,34007602503,446,168,below average,1,29,34,007,6025.03,0.183,0.069,0.24
1245,34007609000,226,39,below average,1,24,34,007,6090,0.138,0.024,0.08
1246,34007602602,765,196,above average,3,27,34,007,6026.02,0.276,0.071,0.86
1247,34007602601,563,92,average,2,24,34,007,6026.01,0.206,0.034,0.40
1248,34007603100,928,107,average,2,21,34,007,6031,0.246,0.028,0.72
1249,34007608904,283,43,average,2,14,34,007,6089.04,0.217,0.033,0.49
1250,34007603601,617,97,below average,1,17,34,007,6036.01,0.168,0.026,0.16
1251,34007607402,441,92,below average,1,18,34,007,6074.02,0.171,0.036,0.17
1252,34007606100,659,79,above average,3,15,34,007,6061,0.304,0.036,0.92
1253,34007607600,415,51,average,2,13,34,007,6076,0.192,0.024,0.30
1254,34007607504,1042,101,above average,3,17,34,007,6075.04,0.294,0.029,0.90
1255,34007607506,556,114,below average,1,24,34,007,6075.06,0.183,0.037,0.24
1256,34007608304,1190,239,below average,1,19,34,007,6083.04,0.177,0.036,0.20
1257,34007610300,267,138,below average,1,23,34,007,6103,0.125,0.065,0.06
1258,34007610400,1219,339,average,2,28,34,007,6104,0.225,0.063,0.55
1259,34007610600,142,48,well below average,0,21,34,007,6106,0.117,0.039,0.06
1260,34007607507,834,228,below average,1,24,34,007,6075.07,0.156,0.043,0.12
1261,34007608210,914,260,average,2,18,34,007,6082.10,0.226,0.064,0.56
1262,34007608211,1110,186,average,2,21,34,007,6082.11,0.189,0.032,0.28
1263,34007608303,688,128,average,2,16,34,007,6083.03,0.231,0.043,0.60
1264,34007610500,1621,447,average,2,28,34,007,6105,0.225,0.062,0.55
1265,34007610900,467,96,below average,1,16,34,007,6109,0.139,0.029,0.08
1266,34007611000,2033,324,well above average,4,23,34,007,6110,0.317,0.051,0.94
1267,34007611100,703,192,average,2,24,34,007,6111,0.219,0.060,0.51
1268,34007611200,972,90,average,2,16,34,007,6112,0.217,0.020,0.49
1269,34007611300,818,171,average,2,17,34,007,6113,0.188,0.039,0.27
1270,34007611400,903,131,average,2,17,34,007,6114,0.213,0.031,0.45
1271,34007611500,719,155,below average,1,16,34,007,6115,0.147,0.032,0.09
1272,34007611600,648,149,below average,1,18,34,007,6116,0.176,0.041,0.20
1273,34007611700,578,85,average,2,17,34,007,6117,0.187,0.028,0.26
1274,34005704011,769,68,above average,3,13,34,005,7040.11,0.249,0.022,0.73
1275,34005704004,619,108,below average,1,14,34,005,7040.04,0.165,0.029,0.15
1276,34005704005,722,74,below average,1,15,34,005,7040.05,0.185,0.019,0.25
1277,34005701303,1161,125,average,2,19,34,005,7013.03,0.214,0.023,0.46
1278,34005701301,793,192,below average,1,18,34,005,7013.01,0.182,0.044,0.23
1279,34005701302,645,105,average,2,17,34,005,7013.02,0.228,0.037,0.57
1280,34007610800,508,138,below average,1,28,34,007,6108,0.169,0.046,0.16
1281,34007604100,872,135,above average,3,30,34,007,6041,0.295,0.046,0.90
1282,34007609201,1100,205,average,2,18,34,007,6092.01,0.245,0.046,0.71
1283,34007605200,659,181,average,2,17,34,007,6052,0.239,0.066,0.67
1284,34007603902,503,93,below average,1,17,34,007,6039.02,0.174,0.032,0.18
1285,34007608800,1217,173,average,2,21,34,007,6088,0.225,0.032,0.55
1286,34007605100,382,88,below average,1,15,34,007,6051,0.175,0.040,0.19
1287,34007608404,1469,352,above average,3,18,34,007,6084.04,0.249,0.060,0.73
1288,34007607200,1046,158,average,2,22,34,007,6072,0.224,0.034,0.54
1289,34007605900,550,70,average,2,14,34,007,6059,0.205,0.026,0.39
1290,34005703000,1394,148,average,2,14,34,005,7030,0.228,0.024,0.57
1291,34005702809,424,97,average,2,21,34,005,7028.09,0.228,0.052,0.57
1292,34005700703,469,98,average,2,20,34,005,7007.03,0.221,0.046,0.52
1293,34005700200,591,55,average,2,16,34,005,7002,0.216,0.020,0.48
1294,34005703201,728,89,average,2,15,34,005,7032.01,0.194,0.024,0.31
1295,34005703202,596,92,average,2,14,34,005,7032.02,0.216,0.033,0.48
1296,34005703203,146,56,well below average,0,19,34,005,7032.03,0.038,0.015,0.01
1297,34005702400,850,121,above average,3,15,34,005,7024,0.253,0.036,0.76
1298,34005702700,2141,183,average,2,18,34,005,7027,0.244,0.021,0.70
1299,34005702801,467,90,average,2,23,34,005,7028.01,0.225,0.043,0.55
1300,34007607000,998,217,average,2,19,34,007,6070,0.219,0.048,0.51
1301,34007604700,390,36,average,2,13,34,007,6047,0.196,0.018,0.32
1302,34007608001,570,126,below average,1,19,34,007,6080.01,0.166,0.037,0.15
1303,34007604200,735,152,average,2,19,34,007,6042,0.220,0.045,0.51
1304,34007606000,439,81,average,2,16,34,007,6060,0.218,0.040,0.50
1305,34007606800,712,83,average,2,21,34,007,6068,0.191,0.022,0.29
1306,34007607502,1038,160,below average,1,22,34,007,6075.02,0.179,0.028,0.21
1307,34007605602,615,67,average,2,16,34,007,6056.02,0.217,0.024,0.49
1308,34007605800,608,77,average,2,17,34,007,6058,0.216,0.027,0.48
1309,34007605700,765,112,average,2,14,34,007,6057,0.216,0.032,0.48
1310,34007603503,1064,79,average,2,16,34,007,6035.03,0.238,0.018,0.66
1311,34007607100,776,121,average,2,16,34,007,6071,0.209,0.033,0.42
1312,34005702802,710,110,average,2,24,34,005,7028.02,0.205,0.032,0.39
1313,34005702803,890,211,average,2,25,34,005,7028.03,0.232,0.055,0.62
1314,34005704013,1239,118,average,2,15,34,005,7040.13,0.236,0.022,0.65
1315,34005704014,1993,320,above average,3,20,34,005,7040.14,0.249,0.040,0.73
1316,34005702207,643,124,average,2,22,34,005,7022.07,0.207,0.040,0.41
1317,34005700603,1286,174,average,2,18,34,005,7006.03,0.216,0.029,0.48
1318,34005703102,732,75,above average,3,16,34,005,7031.02,0.267,0.027,0.83
1319,34005702804,553,156,average,2,24,34,005,7028.04,0.211,0.060,0.44
1320,34005702805,894,184,average,2,24,34,005,7028.05,0.218,0.045,0.50
1321,34005702806,650,206,average,2,27,34,005,7028.06,0.187,0.059,0.26
1322,34005702807,705,114,average,2,25,34,005,7028.07,0.219,0.035,0.51
1323,34005702808,668,144,average,2,24,34,005,7028.08,0.208,0.045,0.42
1324,34005702810,182,48,below average,1,24,34,005,7028.10,0.155,0.041,0.12
1325,34007606700,958,155,average,2,19,34,007,6067,0.205,0.033,0.39
1326,34007606600,436,68,average,2,12,34,007,6066,0.202,0.031,0.37
1327,34007607300,902,106,average,2,17,34,007,6073,0.209,0.025,0.42
1328,34005704200,2191,220,above average,3,19,34,005,7042,0.266,0.027,0.82
1329,34005704500,877,177,average,2,19,34,005,7045,0.207,0.042,0.41
1330,34005704600,601,199,average,2,20,34,005,7046,0.239,0.079,0.67
1331,34005704801,1020,97,above average,3,17,34,005,7048.01,0.297,0.028,0.91
1332,34005702209,880,192,above average,3,19,34,005,7022.09,0.264,0.058,0.81
1333,34005702915,1094,198,average,2,17,34,005,7029.15,0.244,0.044,0.70
1334,34005704802,361,99,well below average,0,16,34,005,7048.02,0.063,0.017,0.02
1335,34007606300,601,101,above average,3,16,34,007,6063,0.257,0.043,0.78
1336,34007605400,473,112,average,2,17,34,007,6054,0.188,0.045,0.27
1337,34007607900,376,34,average,2,15,34,007,6079,0.193,0.017,0.30
1338,34007606400,923,97,above average,3,14,34,007,6064,0.302,0.032,0.92
1339,34007606500,538,103,below average,1,24,34,007,6065,0.184,0.035,0.25
1340,34007608205,832,124,average,2,14,34,007,6082.05,0.197,0.029,0.33
1341,34007607503,1387,136,average,2,21,34,007,6075.03,0.210,0.021,0.43
1342,34007608209,625,108,average,2,20,34,007,6082.09,0.198,0.034,0.34
1343,34007608504,836,146,above average,3,26,34,007,6085.04,0.253,0.044,0.76
1344,34007604400,695,156,average,2,14,34,007,6044,0.199,0.045,0.35
1345,34005702811,408,91,below average,1,26,34,005,7028.11,0.168,0.037,0.16
1346,34005702210,1074,157,average,2,20,34,005,7022.10,0.235,0.034,0.64
1347,34005704302,1625,162,above average,3,18,34,005,7043.02,0.272,0.027,0.84
1348,34005702913,906,217,average,2,19,34,005,7029.13,0.196,0.047,0.32
1349,34005702914,1138,134,above average,3,16,34,005,7029.14,0.255,0.030,0.77
1350,34005702917,322,38,below average,1,17,34,005,7029.17,0.174,0.021,0.18
1351,34005702918,363,68,average,2,17,34,005,7029.18,0.212,0.040,0.45
1352,34005703103,1242,149,above average,3,20,34,005,7031.03,0.266,0.032,0.82
1353,34005703104,1124,119,average,2,17,34,005,7031.04,0.224,0.024,0.54
1354,34005702909,1501,290,average,2,18,34,005,7029.09,0.243,0.047,0.69
1355,34005701402,129,22,well below average,0,20,34,005,7014.02,0.061,0.010,0.02
1356,34005701401,1250,153,average,2,18,34,005,7014.01,0.193,0.024,0.30
1357,34005702907,509,89,below average,1,18,34,005,7029.07,0.185,0.032,0.25
1358,34005702910,1244,178,average,2,16,34,005,7029.10,0.228,0.033,0.57
1359,34007608202,871,104,average,2,19,34,007,6082.02,0.225,0.027,0.55
1360,34007606200,1057,97,above average,3,16,34,007,6062,0.272,0.025,0.84
1361,34005700407,1167,305,average,2,22,34,005,7004.07,0.221,0.058,0.52
1362,34005700408,222,44,well below average,0,20,34,005,7004.08,0.115,0.023,0.06
1363,34005981802,159,122,well below average,0,14,34,005,9818.02,0.097,0.074,0.04
1364,34005982111,294,90,average,2,15,34,005,9821.11,0.246,0.075,0.72
1365,34005704700,714,141,average,2,15,34,005,7047,0.192,0.038,0.30
1366,34007601900,1012,314,well above average,4,31,34,007,6019,0.332,0.103,0.96
1367,34007601700,1388,280,well above average,4,31,34,007,6017,0.425,0.086,0.99
1368,34007603504,702,65,above average,3,21,34,007,6035.04,0.263,0.024,0.80
1369,34007602000,2412,439,well above average,4,31,34,007,6020,0.365,0.066,0.98
1370,34007609103,1309,215,average,2,18,34,007,6091.03,0.248,0.041,0.73
1371,34007605300,378,61,average,2,16,34,007,6053,0.193,0.031,0.30
1372,34007600800,1682,424,well above average,4,33,34,007,6008,0.329,0.083,0.96
1373,34007600200,493,198,above average,3,29,34,007,6002,0.275,0.111,0.86
1374,34007608600,1127,195,average,2,19,34,007,6086,0.229,0.040,0.58
1375,34007602902,836,161,above average,3,22,34,007,6029.02,0.263,0.051,0.80
1376,34007608402,892,168,average,2,16,34,007,6084.02,0.231,0.044,0.60
1377,34007601800,496,113,well above average,4,29,34,007,6018,0.356,0.081,0.98
1378,34007603901,839,109,below average,1,15,34,007,6039.01,0.165,0.021,0.15
1379,34007607802,339,84,below average,1,19,34,007,6078.02,0.156,0.039,0.12
