OBJECTID,GEOID10,LEP_CntEst,LEP_CntMoe,LEP_Class,LEP_Score,STATEFP10,COUNTYFP10,NAME10,LEP_PctEst,LEP_PctMOE,LEP_Pctile,IPD_Score
1,42045403502,119,99,average,2,42,045,4035.02,0.042,0.034,0.57,21
2,42045403701,7,10,below average,1,42,045,4037.01,0.004,0.006,0.04,16
3,42045403702,40,42,below average,1,42,045,4037.02,0.018,0.019,0.27,16
4,42045403104,21,24,below average,1,42,045,4031.04,0.009,0.010,0.12,22
5,42045403300,357,299,average,2,42,045,4033,0.060,0.050,0.69,21
6,42045406100,28,29,below average,1,42,045,4061,0.014,0.014,0.20,17
7,42045403902,46,45,below average,1,42,045,4039.02,0.013,0.012,0.18,13
8,42045980000,-99999,-99999,no data,-99999,42,045,9800,-99999.000,-99999.000,-99999.00,0
9,42045410500,1973,355,well above average,4,42,045,4105,0.414,0.047,0.99,30
10,42045410700,160,74,average,2,42,045,4107,0.030,0.014,0.43,24
11,42045410800,282,178,average,2,42,045,4108,0.037,0.023,0.52,16
12,42045409702,29,28,below average,1,42,045,4097.02,0.015,0.015,0.22,9
13,42045403601,105,83,average,2,42,045,4036.01,0.028,0.022,0.41,15
14,42045406402,19,25,below average,1,42,045,4064.02,0.016,0.020,0.23,25
15,42045403800,217,203,average,2,42,045,4038,0.035,0.033,0.50,17
16,42045403602,51,37,average,2,42,045,4036.02,0.028,0.020,0.41,15
17,42045402100,102,107,below average,1,42,045,4021,0.019,0.020,0.28,23
18,42045403501,8,13,below average,1,42,045,4035.01,0.002,0.003,0.02,16
19,42045408900,86,85,average,2,42,045,4089,0.031,0.031,0.45,16
20,42045408800,126,122,average,2,42,045,4088,0.027,0.027,0.40,13
21,42045408300,203,85,average,2,42,045,4083,0.047,0.019,0.61,15
22,42045409200,128,73,average,2,42,045,4092,0.033,0.019,0.48,15
23,42045409803,357,182,average,2,42,045,4098.03,0.056,0.028,0.67,16
24,42045407802,340,308,average,2,42,045,4078.02,0.053,0.046,0.65,14
25,42045408700,107,78,below average,1,42,045,4087,0.023,0.017,0.34,14
26,42045401104,124,84,average,2,42,045,4011.04,0.033,0.022,0.48,18
27,42045400600,350,183,average,2,42,045,4006,0.077,0.038,0.77,19
28,42045401600,19,21,below average,1,42,045,4016,0.012,0.013,0.16,19
29,42045401301,222,139,average,2,42,045,4013.01,0.098,0.059,0.82,22
30,42045401302,87,58,average,2,42,045,4013.02,0.035,0.022,0.50,18
31,42045407804,66,40,below average,1,42,045,4078.04,0.016,0.010,0.23,14
32,42045409500,106,54,below average,1,42,045,4095,0.024,0.012,0.35,16
33,42045410000,94,62,below average,1,42,045,4100,0.024,0.016,0.35,16
34,42045402300,290,121,average,2,42,045,4023,0.088,0.037,0.80,23
35,42045403002,49,57,below average,1,42,045,4030.02,0.020,0.023,0.29,15
36,42045402500,75,56,average,2,42,045,4025,0.025,0.019,0.37,28
37,42045403103,124,151,average,2,42,045,4031.03,0.053,0.062,0.65,21
38,42045403101,61,48,below average,1,42,045,4031.01,0.017,0.014,0.25,17
39,42045402800,79,73,below average,1,42,045,4028,0.015,0.014,0.22,18
40,42045410400,188,112,below average,1,42,045,4104,0.021,0.013,0.31,15
41,42045406803,51,58,below average,1,42,045,4068.03,0.007,0.008,0.09,17
42,42045402200,29,26,below average,1,42,045,4022,0.013,0.012,0.18,27
43,42045406801,128,101,average,2,42,045,4068.01,0.031,0.024,0.45,17
44,42045407501,8,13,below average,1,42,045,4075.01,0.004,0.006,0.04,15
45,42045404500,514,285,above average,3,42,045,4045,0.103,0.055,0.83,28
46,42045408101,419,157,average,2,42,045,4081.01,0.079,0.029,0.77,18
47,42045409601,280,124,average,2,42,045,4096.01,0.062,0.027,0.70,22
48,42045408400,9,12,below average,1,42,045,4084,0.005,0.007,0.06,16
49,42045407700,76,52,average,2,42,045,4077,0.030,0.020,0.43,20
50,42045409904,53,43,below average,1,42,045,4099.04,0.016,0.012,0.23,14
51,42045407404,84,57,average,2,42,045,4074.04,0.029,0.019,0.42,17
52,42045406401,28,25,below average,1,42,045,4064.01,0.011,0.009,0.15,26
53,42045406201,27,35,below average,1,42,045,4062.01,0.009,0.011,0.12,15
54,42045404103,49,39,below average,1,42,045,4041.03,0.015,0.012,0.22,14
55,42045407502,47,42,below average,1,42,045,4075.02,0.017,0.015,0.25,17
56,42045407101,57,51,below average,1,42,045,4071.01,0.015,0.013,0.22,17
57,42045408500,164,98,average,2,42,045,4085,0.042,0.025,0.57,15
58,42045404400,61,57,average,2,42,045,4044,0.038,0.035,0.53,22
59,42045401800,41,40,below average,1,42,045,4018,0.010,0.010,0.13,19
60,42045401900,244,147,average,2,42,045,4019,0.060,0.035,0.69,22
61,42045400301,808,308,above average,3,42,045,4003.01,0.150,0.056,0.88,29
62,42045401402,167,161,average,2,42,045,4014.02,0.046,0.043,0.60,20
63,42045407201,112,116,below average,1,42,045,4072.01,0.024,0.024,0.35,15
64,42045406903,43,35,below average,1,42,045,4069.03,0.009,0.007,0.12,12
65,42045408102,226,122,average,2,42,045,4081.02,0.068,0.036,0.73,14
66,42045400402,584,193,above average,3,42,045,4004.02,0.140,0.046,0.87,27
67,42045409400,70,40,average,2,42,045,4094,0.025,0.014,0.37,15
68,42045407401,30,30,below average,1,42,045,4074.01,0.009,0.009,0.12,19
69,42045407102,63,61,below average,1,42,045,4071.02,0.019,0.019,0.28,13
70,42045409000,105,60,average,2,42,045,4090,0.031,0.017,0.45,15
71,42045410200,78,46,below average,1,42,045,4102,0.022,0.013,0.33,15
72,42045401103,107,68,average,2,42,045,4011.03,0.032,0.020,0.47,15
73,42045406500,34,24,below average,1,42,045,4065,0.022,0.016,0.33,20
74,42045402900,59,52,below average,1,42,045,4029,0.019,0.017,0.28,28
75,42045410100,181,134,below average,1,42,045,4101,0.024,0.018,0.35,13
76,42045404800,181,99,average,2,42,045,4048,0.099,0.050,0.82,26
77,42045405100,161,117,average,2,42,045,4051,0.076,0.054,0.76,26
78,42045404900,45,42,average,2,42,045,4049,0.038,0.033,0.53,28
79,42045406202,129,112,average,2,42,045,4062.02,0.029,0.025,0.42,15
80,42045403001,54,57,below average,1,42,045,4030.01,0.018,0.019,0.27,14
81,42045401502,158,93,average,2,42,045,4015.02,0.042,0.025,0.57,19
82,42045400500,624,243,above average,3,42,045,4005,0.151,0.053,0.88,27
83,42045404003,189,138,average,2,42,045,4040.03,0.085,0.059,0.79,17
84,42045407902,35,33,below average,1,42,045,4079.02,0.013,0.013,0.18,15
85,42045407903,171,85,average,2,42,045,4079.03,0.050,0.024,0.63,16
86,42045406904,143,106,average,2,42,045,4069.04,0.026,0.019,0.39,15
87,42045407805,47,34,average,2,42,045,4078.05,0.029,0.022,0.42,17
88,42045407600,80,61,below average,1,42,045,4076,0.013,0.010,0.18,15
89,42045408002,238,108,average,2,42,045,4080.02,0.064,0.028,0.71,17
90,42045408103,366,95,average,2,42,045,4081.03,0.090,0.025,0.80,18
91,42045406700,62,67,below average,1,42,045,4067,0.019,0.021,0.28,17
92,42045408600,82,93,average,2,42,045,4086,0.026,0.029,0.39,16
93,42045403200,32,27,below average,1,42,045,4032,0.008,0.007,0.10,17
94,42045402400,164,127,average,2,42,045,4024,0.051,0.040,0.64,29
95,42045401501,74,78,below average,1,42,045,4015.01,0.022,0.023,0.33,14
96,42045402000,16,17,below average,1,42,045,4020,0.008,0.009,0.10,21
97,42045401200,80,77,below average,1,42,045,4012,0.023,0.023,0.34,15
98,42045404101,127,99,below average,1,42,045,4041.01,0.022,0.017,0.33,15
99,42045407202,66,53,below average,1,42,045,4072.02,0.020,0.016,0.29,16
100,42045405300,108,87,average,2,42,045,4053,0.046,0.035,0.60,27
101,42045407801,56,54,below average,1,42,045,4078.01,0.013,0.013,0.18,15
102,42045405000,45,36,average,2,42,045,4050,0.026,0.019,0.39,30
103,42045407901,72,54,below average,1,42,045,4079.01,0.019,0.014,0.28,15
104,42045401401,83,53,average,2,42,045,4014.01,0.046,0.029,0.60,19
105,42045400401,1089,232,well above average,4,42,045,4004.01,0.237,0.047,0.94,30
106,42045402600,270,179,average,2,42,045,4026,0.077,0.052,0.77,28
107,42045401700,270,123,above average,3,42,045,4017,0.108,0.049,0.84,24
108,42045409802,153,78,average,2,42,045,4098.02,0.025,0.013,0.37,16
109,42045406802,100,73,below average,1,42,045,4068.02,0.024,0.018,0.35,16
110,42045409602,202,97,average,2,42,045,4096.02,0.048,0.022,0.61,15
111,42045400801,250,131,above average,3,42,045,4008.01,0.121,0.062,0.85,27
112,42045403901,148,113,average,2,42,045,4039.01,0.046,0.036,0.60,17
113,42045409300,64,38,average,2,42,045,4093,0.027,0.016,0.40,14
114,42045405200,79,80,average,2,42,045,4052,0.027,0.027,0.40,28
115,42045407803,84,60,below average,1,42,045,4078.03,0.017,0.012,0.25,13
116,42045404300,79,69,average,2,42,045,4043,0.033,0.028,0.48,19
117,42045400700,1413,591,well above average,4,42,045,4007,0.252,0.085,0.95,25
118,42045400802,74,54,below average,1,42,045,4008.02,0.021,0.015,0.31,19
119,42045405400,59,42,average,2,42,045,4054,0.031,0.022,0.45,26
120,42045400900,95,81,average,2,42,045,4009,0.062,0.051,0.70,18
121,42045401101,43,47,below average,1,42,045,4011.01,0.015,0.016,0.22,18
122,42045401000,51,39,average,2,42,045,4010,0.028,0.021,0.41,13
123,42045403401,38,31,below average,1,42,045,4034.01,0.015,0.012,0.22,18
124,42045404700,105,63,average,2,42,045,4047,0.028,0.017,0.41,20
125,42045409100,87,76,below average,1,42,045,4091,0.022,0.019,0.33,14
126,42045402700,162,130,average,2,42,045,4027,0.068,0.055,0.73,25
127,42045409701,188,117,average,2,42,045,4097.01,0.027,0.017,0.40,14
128,42045400302,188,129,average,2,42,045,4003.02,0.057,0.037,0.67,26
129,42045403402,200,229,average,2,42,045,4034.02,0.060,0.068,0.69,20
130,42045406902,0,14,well below average,0,42,045,4069.02,0.000,0.004,0.01,14
131,42045407806,73,54,average,2,42,045,4078.06,0.049,0.035,0.62,18
132,42045409902,233,120,average,2,42,045,4099.02,0.048,0.025,0.61,18
133,42017101803,369,272,average,2,42,017,1018.03,0.047,0.034,0.61,19
134,42017104703,52,37,below average,1,42,017,1047.03,0.023,0.016,0.34,16
135,42017100209,780,360,average,2,42,017,1002.09,0.091,0.040,0.80,19
136,42017100408,88,85,below average,1,42,017,1004.08,0.014,0.014,0.20,14
137,42017105801,400,210,average,2,42,017,1058.01,0.070,0.036,0.74,17
138,42017105808,32,28,below average,1,42,017,1058.08,0.010,0.009,0.13,14
139,42017105008,81,59,below average,1,42,017,1050.08,0.022,0.016,0.33,15
140,42017101403,135,106,average,2,42,017,1014.03,0.026,0.021,0.39,17
141,42017100406,102,73,average,2,42,017,1004.06,0.029,0.021,0.42,18
142,42017104604,44,41,below average,1,42,017,1046.04,0.008,0.008,0.10,16
143,42017104601,42,33,below average,1,42,017,1046.01,0.010,0.008,0.13,14
144,42017100900,179,99,below average,1,42,017,1009,0.024,0.013,0.35,13
145,42045410301,111,77,below average,1,42,045,4103.01,0.014,0.010,0.20,11
146,42045409903,216,126,average,2,42,045,4099.03,0.057,0.033,0.67,17
147,42045404102,159,80,average,2,42,045,4041.02,0.032,0.016,0.47,20
148,42045404600,48,48,below average,1,42,045,4046,0.024,0.024,0.35,24
149,42045406300,25,30,below average,1,42,045,4063,0.008,0.010,0.10,20
150,42045410302,301,201,average,2,42,045,4103.02,0.033,0.022,0.48,18
151,42045407000,44,28,below average,1,42,045,4070,0.018,0.011,0.27,14
152,42045406600,16,23,below average,1,42,045,4066,0.007,0.011,0.09,18
153,42045410601,70,58,below average,1,42,045,4106.01,0.021,0.017,0.31,15
154,42045410602,114,91,average,2,42,045,4106.02,0.025,0.020,0.37,16
155,42045404004,115,85,below average,1,42,045,4040.04,0.020,0.015,0.29,14
156,42045408001,360,113,average,2,42,045,4080.01,0.059,0.018,0.68,18
157,42017100105,165,120,average,2,42,017,1001.05,0.052,0.037,0.64,17
158,42017100212,246,148,average,2,42,017,1002.12,0.067,0.039,0.73,17
159,42017105004,236,95,average,2,42,017,1050.04,0.046,0.018,0.60,16
160,42017103103,275,148,average,2,42,017,1031.03,0.063,0.034,0.70,20
161,42017105010,193,77,average,2,42,017,1050.10,0.052,0.020,0.64,16
162,42017101609,101,64,below average,1,42,017,1016.09,0.024,0.015,0.35,15
163,42017104902,129,89,below average,1,42,017,1049.02,0.019,0.013,0.28,17
164,42017105506,107,72,average,2,42,017,1055.06,0.027,0.019,0.40,15
165,42017102300,110,100,below average,1,42,017,1023,0.020,0.018,0.29,14
166,42017102401,0,10,well below average,0,42,017,1024.01,0.000,0.006,0.01,12
167,42017102402,102,101,below average,1,42,017,1024.02,0.023,0.022,0.34,16
168,42017105510,232,199,average,2,42,017,1055.10,0.049,0.040,0.62,18
169,42017105511,163,56,average,2,42,017,1055.11,0.041,0.013,0.56,16
170,42017101802,141,82,below average,1,42,017,1018.02,0.023,0.013,0.34,13
171,42017102104,316,180,average,2,42,017,1021.04,0.060,0.033,0.69,16
172,42017100808,76,62,below average,1,42,017,1008.08,0.016,0.013,0.23,13
173,42017100805,29,47,below average,1,42,017,1008.05,0.005,0.008,0.06,14
174,42017101611,315,193,average,2,42,017,1016.11,0.049,0.030,0.62,19
175,42017105810,29,30,below average,1,42,017,1058.10,0.013,0.014,0.18,19
176,42017102700,40,51,below average,1,42,017,1027,0.008,0.010,0.10,18
177,42017101603,152,119,average,2,42,017,1016.03,0.047,0.036,0.61,18
178,42017100807,128,58,average,2,42,017,1008.07,0.031,0.015,0.45,20
179,42017105600,33,35,below average,1,42,017,1056,0.015,0.016,0.22,15
180,42017100804,146,84,average,2,42,017,1008.04,0.039,0.022,0.54,17
181,42017102004,124,112,average,2,42,017,1020.04,0.029,0.026,0.42,16
182,42017104400,32,41,below average,1,42,017,1044,0.014,0.017,0.20,11
183,42017101900,93,56,below average,1,42,017,1019,0.024,0.014,0.35,14
184,42017105300,4,7,below average,1,42,017,1053,0.002,0.004,0.02,12
185,42017105202,296,152,average,2,42,017,1052.02,0.060,0.031,0.69,18
186,42017101100,112,54,average,2,42,017,1011,0.044,0.020,0.58,19
187,42017105006,62,44,below average,1,42,017,1050.06,0.011,0.008,0.15,14
188,42017101505,318,123,average,2,42,017,1015.05,0.100,0.038,0.82,18
189,42017101503,118,91,average,2,42,017,1015.03,0.033,0.026,0.48,16
190,42017102102,6,10,below average,1,42,017,1021.02,0.002,0.003,0.02,12
191,42017103102,80,46,average,2,42,017,1031.02,0.045,0.025,0.59,17
192,42017101506,66,57,below average,1,42,017,1015.06,0.013,0.011,0.18,12
193,42017101807,477,305,above average,3,42,017,1018.07,0.119,0.072,0.85,18
194,42017101805,15,15,below average,1,42,017,1018.05,0.007,0.007,0.09,12
195,42017106402,82,82,below average,1,42,017,1064.02,0.011,0.011,0.15,14
196,42017100304,130,99,average,2,42,017,1003.04,0.062,0.045,0.70,23
197,42017103800,4,6,below average,1,42,017,1038,0.003,0.005,0.03,15
198,42017105003,85,59,below average,1,42,017,1050.03,0.018,0.013,0.27,15
199,42017105011,275,116,average,2,42,017,1050.11,0.079,0.033,0.77,16
200,42017100811,438,167,average,2,42,017,1008.11,0.101,0.037,0.82,21
201,42017980000,-99999,-99999,no data,-99999,42,017,9800,-99999.000,-99999.000,-99999.00,0
202,42017104100,153,100,average,2,42,017,1041,0.077,0.046,0.77,16
203,42017105400,46,57,below average,1,42,017,1054,0.006,0.007,0.07,15
204,42017101405,411,200,average,2,42,017,1014.05,0.067,0.033,0.73,17
205,42017100102,69,50,average,2,42,017,1001.02,0.025,0.018,0.37,20
206,42017100207,959,149,well above average,4,42,017,1002.07,0.243,0.036,0.94,30
207,42017105012,44,37,below average,1,42,017,1050.12,0.016,0.013,0.23,13
208,42017104304,13,14,below average,1,42,017,1043.04,0.011,0.011,0.15,14
209,42017102801,8,13,below average,1,42,017,1028.01,0.002,0.004,0.02,12
210,42017105203,147,83,average,2,42,017,1052.03,0.075,0.041,0.75,15
211,42017103101,23,16,below average,1,42,017,1031.01,0.010,0.007,0.13,14
212,42017104203,173,105,average,2,42,017,1042.03,0.033,0.020,0.48,16
213,42017104201,24,29,below average,1,42,017,1042.01,0.008,0.010,0.10,13
214,42017104204,74,63,below average,1,42,017,1042.04,0.017,0.014,0.25,13
215,42017105509,126,94,average,2,42,017,1055.09,0.028,0.021,0.41,15
216,42017105508,104,66,average,2,42,017,1055.08,0.032,0.020,0.47,16
217,42017101610,147,143,average,2,42,017,1016.10,0.032,0.031,0.47,16
218,42017101504,239,128,average,2,42,017,1015.04,0.088,0.047,0.80,20
219,42017103300,4,7,below average,1,42,017,1033,0.002,0.004,0.02,13
220,42017105809,128,77,average,2,42,017,1058.09,0.031,0.018,0.45,16
221,42017100403,9,12,below average,1,42,017,1004.03,0.004,0.005,0.04,21
222,42017100206,262,109,average,2,42,017,1002.06,0.053,0.021,0.65,19
223,42017101404,106,63,average,2,42,017,1014.04,0.047,0.027,0.61,17
224,42017105812,8,11,below average,1,42,017,1058.12,0.005,0.007,0.06,16
225,42017105013,240,111,average,2,42,017,1050.13,0.043,0.020,0.57,16
226,42017101808,231,148,average,2,42,017,1018.08,0.094,0.056,0.81,18
227,42017106401,271,93,average,2,42,017,1064.01,0.038,0.013,0.53,16
228,42017105208,49,32,below average,1,42,017,1052.08,0.020,0.013,0.29,17
229,42017105207,188,95,average,2,42,017,1052.07,0.039,0.020,0.54,16
230,42017106000,111,74,average,2,42,017,1060,0.028,0.019,0.41,17
231,42017106100,16,20,below average,1,42,017,1061,0.005,0.007,0.06,16
232,42017106200,225,124,average,2,42,017,1062,0.035,0.019,0.50,21
233,42017100500,35,34,below average,1,42,017,1005,0.014,0.013,0.20,17
234,42017100303,385,173,average,2,42,017,1003.03,0.080,0.033,0.78,21
235,42017100809,122,120,below average,1,42,017,1008.09,0.024,0.023,0.35,13
236,42017104303,95,85,below average,1,42,017,1043.03,0.021,0.018,0.31,15
237,42017104506,14,20,below average,1,42,017,1045.06,0.006,0.009,0.07,13
238,42017104503,81,62,below average,1,42,017,1045.03,0.020,0.015,0.29,14
239,42017104505,113,67,below average,1,42,017,1045.05,0.020,0.012,0.29,13
240,42017104301,68,91,average,2,42,017,1043.01,0.026,0.034,0.39,17
241,42017103400,37,47,below average,1,42,017,1034,0.008,0.009,0.10,13
242,42017100208,1096,280,well above average,4,42,017,1002.08,0.199,0.043,0.92,25
243,42017100210,237,156,average,2,42,017,1002.10,0.034,0.022,0.49,19
244,42017100402,261,157,average,2,42,017,1004.02,0.038,0.023,0.53,17
245,42017105704,238,148,average,2,42,017,1057.04,0.039,0.024,0.54,20
246,42017101607,202,87,average,2,42,017,1016.07,0.068,0.028,0.73,19
247,42017101605,756,287,well above average,4,42,017,1016.05,0.190,0.062,0.92,25
248,42017104000,98,82,below average,1,42,017,1040,0.015,0.013,0.22,15
249,42017105206,134,80,average,2,42,017,1052.06,0.029,0.017,0.42,15
250,42017100700,155,87,average,2,42,017,1007,0.051,0.028,0.64,24
251,42017103900,7,11,below average,1,42,017,1039,0.002,0.003,0.02,12
252,42017100407,21,25,below average,1,42,017,1004.07,0.021,0.024,0.31,16
253,42017104502,108,82,below average,1,42,017,1045.02,0.014,0.011,0.20,16
254,42017102003,17,20,below average,1,42,017,1020.03,0.005,0.005,0.06,15
255,42017100600,168,74,average,2,42,017,1006,0.048,0.021,0.61,22
256,42017105811,125,172,below average,1,42,017,1058.11,0.022,0.030,0.33,15
257,42017105100,31,25,below average,1,42,017,1051,0.011,0.009,0.15,14
258,42017105505,17,20,below average,1,42,017,1055.05,0.004,0.005,0.04,12
259,42017105807,143,74,average,2,42,017,1058.07,0.039,0.021,0.54,20
260,42017104702,93,80,average,2,42,017,1047.02,0.036,0.029,0.51,16
261,42017104901,196,123,average,2,42,017,1049.01,0.027,0.017,0.40,14
262,42017101401,343,131,average,2,42,017,1014.01,0.082,0.031,0.78,15
263,42017100103,31,35,below average,1,42,017,1001.03,0.014,0.015,0.20,16
264,42017102002,43,29,below average,1,42,017,1020.02,0.017,0.011,0.25,15
265,42017105507,0,14,well below average,0,42,017,1055.07,0.000,0.003,0.01,14
266,42017105805,48,53,below average,1,42,017,1058.05,0.009,0.010,0.12,16
267,42017104701,41,43,below average,1,42,017,1047.01,0.012,0.013,0.16,21
268,42017100302,117,79,average,2,42,017,1003.02,0.026,0.018,0.39,15
269,42017106300,44,53,below average,1,42,017,1063,0.007,0.008,0.09,13
270,42017106500,86,70,below average,1,42,017,1065,0.013,0.011,0.18,15
271,42017106600,10,9,below average,1,42,017,1066,0.005,0.005,0.06,13
272,42017100201,327,183,average,2,42,017,1002.01,0.076,0.040,0.76,20
273,42017104800,16,19,below average,1,42,017,1048,0.005,0.006,0.06,14
274,42017100104,1199,323,well above average,4,42,017,1001.04,0.288,0.065,0.96,25
275,42017102600,81,75,average,2,42,017,1026,0.040,0.038,0.55,20
276,42017100211,219,101,average,2,42,017,1002.11,0.033,0.015,0.48,18
277,42017105900,17,13,below average,1,42,017,1059,0.010,0.007,0.13,16
278,42017102500,53,43,below average,1,42,017,1025,0.013,0.010,0.18,13
279,42017100307,364,191,average,2,42,017,1003.07,0.075,0.038,0.75,19
280,42017100401,347,237,average,2,42,017,1004.01,0.060,0.040,0.69,17
281,42017100306,364,173,above average,3,42,017,1003.06,0.119,0.053,0.85,22
282,42017105009,129,73,average,2,42,017,1050.09,0.040,0.022,0.55,20
283,42017104603,57,47,below average,1,42,017,1046.03,0.008,0.006,0.10,13
284,42017103700,24,21,below average,1,42,017,1037,0.007,0.006,0.09,11
285,42017100803,230,124,average,2,42,017,1008.03,0.051,0.026,0.64,20
286,42017105702,173,114,average,2,42,017,1057.02,0.066,0.041,0.72,17
287,42017100404,190,132,average,2,42,017,1004.04,0.031,0.022,0.45,18
288,42029302803,4,6,below average,1,42,029,3028.03,0.002,0.003,0.02,16
289,42029304000,179,110,average,2,42,029,3040,0.039,0.024,0.54,19
290,42029302804,82,70,below average,1,42,029,3028.04,0.021,0.018,0.31,14
291,42029301300,130,116,below average,1,42,029,3013,0.020,0.018,0.29,14
292,42029300202,165,63,average,2,42,029,3002.02,0.031,0.012,0.45,18
293,42029303000,103,53,average,2,42,029,3030,0.033,0.017,0.48,15
294,42029301700,25,17,below average,1,42,029,3017,0.014,0.010,0.20,13
295,42029302101,344,194,average,2,42,029,3021.01,0.056,0.031,0.67,18
296,42029302102,170,95,average,2,42,029,3021.02,0.041,0.022,0.56,15
297,42029306800,35,27,below average,1,42,029,3068,0.022,0.017,0.33,15
298,42029301000,236,241,average,2,42,029,3010,0.034,0.035,0.49,17
299,42029307200,35,24,average,2,42,029,3072,0.027,0.019,0.40,16
300,42029300400,26,34,below average,1,42,029,3004,0.008,0.011,0.10,18
301,42029304900,165,149,below average,1,42,029,3049,0.022,0.020,0.33,17
302,42029302802,27,30,below average,1,42,029,3028.02,0.006,0.006,0.07,15
303,42029305000,10,15,below average,1,42,029,3050,0.006,0.009,0.07,15
304,42029311401,159,93,below average,1,42,029,3114.01,0.024,0.014,0.35,17
305,42029304501,360,161,average,2,42,029,3045.01,0.046,0.021,0.60,19
306,42029308102,257,166,average,2,42,029,3081.02,0.065,0.040,0.71,16
307,42029303901,17,24,below average,1,42,029,3039.01,0.004,0.005,0.04,12
308,42029311000,84,84,below average,1,42,029,3110,0.013,0.013,0.18,14
309,42029311300,116,68,average,2,42,029,3113,0.025,0.015,0.37,15
310,42029311200,79,46,average,2,42,029,3112,0.039,0.022,0.54,15
311,42029311100,46,38,below average,1,42,029,3111,0.013,0.011,0.18,18
312,42029311700,1491,361,above average,3,42,029,3117,0.167,0.040,0.90,22
313,42029311500,15,13,below average,1,42,029,3115,0.005,0.004,0.06,14
314,42029311800,134,56,average,2,42,029,3118,0.037,0.015,0.52,16
315,42029311600,44,25,below average,1,42,029,3116,0.024,0.014,0.35,20
316,42029304101,201,172,average,2,42,029,3041.01,0.048,0.042,0.61,18
317,42029304102,250,122,average,2,42,029,3041.02,0.079,0.038,0.77,19
318,42029306000,55,47,below average,1,42,029,3060,0.008,0.007,0.10,14
319,42029304300,257,179,average,2,42,029,3043,0.035,0.024,0.50,17
320,42029302805,351,247,average,2,42,029,3028.05,0.052,0.036,0.64,14
321,42029300104,91,53,below average,1,42,029,3001.04,0.019,0.011,0.28,14
322,42029300101,221,156,average,2,42,029,3001.01,0.075,0.052,0.75,14
323,42029300103,106,57,average,2,42,029,3001.03,0.042,0.024,0.57,21
324,42029300109,106,69,average,2,42,029,3001.09,0.032,0.020,0.47,18
325,42029300106,293,128,average,2,42,029,3001.06,0.066,0.028,0.72,19
326,42029307800,69,55,average,2,42,029,3078,0.027,0.021,0.40,17
327,42029304403,196,145,average,2,42,029,3044.03,0.053,0.039,0.65,15
328,42029301600,15,15,below average,1,42,029,3016,0.006,0.006,0.07,14
329,42029303802,243,179,average,2,42,029,3038.02,0.030,0.022,0.43,15
330,42029303801,118,121,average,2,42,029,3038.01,0.031,0.031,0.45,13
331,42029304404,112,79,below average,1,42,029,3044.04,0.023,0.016,0.34,15
332,42029302300,25,23,below average,1,42,029,3023,0.009,0.008,0.12,16
333,42029302400,620,281,above average,3,42,029,3024,0.170,0.070,0.90,18
334,42029302500,49,41,below average,1,42,029,3025,0.011,0.009,0.15,10
335,42029302600,362,176,average,2,42,029,3026,0.077,0.038,0.77,20
336,42029310400,31,23,below average,1,42,029,3104,0.010,0.007,0.13,16
337,42029307700,111,68,average,2,42,029,3077,0.045,0.027,0.59,16
338,42029302702,283,189,average,2,42,029,3027.02,0.061,0.041,0.69,17
339,42029308200,99,55,average,2,42,029,3082,0.040,0.022,0.55,16
340,42029301900,78,61,below average,1,42,029,3019,0.020,0.015,0.29,13
341,42029302901,80,47,below average,1,42,029,3029.01,0.018,0.010,0.27,13
342,42029306600,17,15,below average,1,42,029,3066,0.006,0.005,0.07,13
343,42029307100,83,57,average,2,42,029,3071,0.038,0.025,0.53,14
344,42029307900,317,114,average,2,42,029,3079,0.067,0.024,0.73,19
345,42029303401,1520,277,well above average,4,42,029,3034.01,0.377,0.062,0.99,25
346,42029307000,217,104,average,2,42,029,3070,0.042,0.020,0.57,20
347,42029306900,235,181,average,2,42,029,3069,0.042,0.032,0.57,14
348,42029308000,625,245,above average,3,42,029,3080,0.126,0.049,0.86,24
349,42029301402,60,47,below average,1,42,029,3014.02,0.012,0.009,0.16,14
350,42029301401,37,48,below average,1,42,029,3014.01,0.015,0.019,0.22,16
351,42029307400,19,28,below average,1,42,029,3074,0.006,0.008,0.07,17
352,42029300800,191,210,average,2,42,029,3008,0.048,0.051,0.61,16
353,42029300600,129,93,average,2,42,029,3006,0.028,0.020,0.41,18
354,42029301500,10,10,below average,1,42,029,3015,0.004,0.004,0.04,14
355,42029300700,786,505,above average,3,42,029,3007,0.162,0.095,0.89,20
356,42029300900,53,53,average,2,42,029,3009,0.025,0.025,0.37,17
357,42029300201,117,106,below average,1,42,029,3002.01,0.024,0.021,0.35,17
358,42029307300,16,16,below average,1,42,029,3073,0.004,0.005,0.04,17
359,42029302203,179,71,average,2,42,029,3022.03,0.038,0.015,0.53,16
360,42029300107,146,80,average,2,42,029,3001.07,0.035,0.019,0.50,16
361,42029300301,84,76,below average,1,42,029,3003.01,0.022,0.020,0.33,17
362,42029301100,54,39,below average,1,42,029,3011,0.018,0.013,0.27,16
363,42029304406,47,53,below average,1,42,029,3044.06,0.015,0.017,0.22,13
364,42029302706,94,77,below average,1,42,029,3027.06,0.021,0.017,0.31,13
365,42029302705,148,85,average,2,42,029,3027.05,0.038,0.022,0.53,15
366,42029303501,146,121,average,2,42,029,3035.01,0.035,0.028,0.50,17
367,42029303502,102,90,average,2,42,029,3035.02,0.037,0.033,0.52,15
368,42029303302,83,78,below average,1,42,029,3033.02,0.018,0.017,0.27,16
369,42029304600,34,31,below average,1,42,029,3046,0.010,0.009,0.13,13
370,42029305400,250,86,average,2,42,029,3054,0.069,0.026,0.74,24
371,42029302902,19,23,below average,1,42,029,3029.02,0.003,0.004,0.03,15
372,42029302202,355,132,average,2,42,029,3022.02,0.054,0.020,0.66,19
373,42029301800,280,121,average,2,42,029,3018,0.059,0.026,0.68,17
374,42029300302,31,30,below average,1,42,029,3003.02,0.009,0.009,0.12,13
375,42029300303,216,123,average,2,42,029,3003.03,0.075,0.042,0.75,20
376,42029300501,57,74,below average,1,42,029,3005.01,0.013,0.017,0.18,13
377,42029300502,55,51,below average,1,42,029,3005.02,0.016,0.015,0.23,13
378,42029305102,143,147,average,2,42,029,3051.02,0.032,0.033,0.47,16
379,42029305101,68,52,below average,1,42,029,3051.01,0.016,0.012,0.23,13
380,42029311404,11,16,below average,1,42,029,3114.04,0.003,0.005,0.03,15
381,42029311403,25,31,below average,1,42,029,3114.03,0.007,0.009,0.09,16
382,42029303902,19,29,below average,1,42,029,3039.02,0.004,0.006,0.04,13
383,42029302703,28,27,below average,1,42,029,3027.03,0.007,0.007,0.09,13
384,42029302704,179,97,average,2,42,029,3027.04,0.037,0.020,0.52,15
385,42029306300,485,127,well above average,4,42,029,3063,0.185,0.049,0.91,23
386,42029302204,79,46,below average,1,42,029,3022.04,0.013,0.008,0.18,15
387,42029305300,237,136,average,2,42,029,3053,0.034,0.020,0.49,20
388,42029302000,50,38,below average,1,42,029,3020,0.009,0.007,0.12,14
389,42029305600,229,152,average,2,42,029,3056,0.083,0.053,0.78,26
390,42029305500,638,226,well above average,4,42,029,3055,0.193,0.065,0.92,30
391,42029305700,119,63,average,2,42,029,3057,0.055,0.028,0.66,25
392,42091201800,30,40,below average,1,42,091,2018,0.011,0.015,0.15,21
393,42091201606,53,75,below average,1,42,091,2016.06,0.023,0.032,0.34,18
394,42101036301,351,85,above average,3,42,101,363.01,0.107,0.023,0.83,20
395,42101036400,34,30,average,2,42,101,364,0.042,0.039,0.57,21
396,42101036600,94,68,average,2,42,101,366,0.051,0.037,0.64,16
397,42091203208,101,56,average,2,42,091,2032.08,0.036,0.020,0.51,17
398,42091203204,407,212,average,2,42,091,2032.04,0.066,0.034,0.72,20
399,42091204102,48,55,below average,1,42,091,2041.02,0.012,0.014,0.16,12
400,42091205906,133,110,average,2,42,091,2059.06,0.067,0.051,0.73,17
401,42091200301,363,215,average,2,42,091,2003.01,0.066,0.036,0.72,20
402,42029303301,242,152,average,2,42,029,3033.01,0.084,0.050,0.78,20
403,42029306503,709,218,well above average,4,42,029,3065.03,0.291,0.073,0.96,25
404,42029306504,887,301,well above average,4,42,029,3065.04,0.187,0.058,0.91,23
405,42029306501,79,53,below average,1,42,029,3065.01,0.019,0.013,0.28,15
406,42029308101,274,160,average,2,42,029,3081.01,0.064,0.037,0.71,15
407,42029304502,46,37,below average,1,42,029,3045.02,0.016,0.013,0.23,12
408,42029304405,102,84,below average,1,42,029,3044.05,0.018,0.014,0.27,14
409,42029303100,61,50,below average,1,42,029,3031,0.015,0.012,0.22,16
410,42029304201,392,267,average,2,42,029,3042.01,0.061,0.042,0.69,16
411,42029303402,430,128,well above average,4,42,029,3034.02,0.242,0.064,0.94,23
412,42029306700,86,68,below average,1,42,029,3067,0.020,0.016,0.29,13
413,42029300108,527,223,average,2,42,029,3001.08,0.091,0.038,0.80,18
414,42091200602,692,183,average,2,42,091,2006.02,0.086,0.023,0.79,20
415,42091207001,295,102,average,2,42,091,2070.01,0.038,0.013,0.53,15
416,42091208603,279,194,average,2,42,091,2086.03,0.044,0.031,0.58,17
417,42091200703,528,161,above average,3,42,091,2007.03,0.134,0.037,0.87,20
418,42091201409,162,63,average,2,42,091,2014.09,0.038,0.015,0.53,16
419,42091201410,11,17,below average,1,42,091,2014.10,0.004,0.007,0.04,16
420,42091205903,45,41,below average,1,42,091,2059.03,0.018,0.016,0.27,15
421,42091205807,227,100,above average,3,42,091,2058.07,0.150,0.065,0.88,18
422,42091200306,47,41,below average,1,42,091,2003.06,0.014,0.012,0.20,17
423,42091200305,35,30,below average,1,42,091,2003.05,0.017,0.015,0.25,16
424,42091200310,194,143,average,2,42,091,2003.10,0.074,0.053,0.75,20
425,42091206802,52,50,below average,1,42,091,2068.02,0.018,0.018,0.27,14
426,42091203207,167,106,average,2,42,091,2032.07,0.053,0.033,0.65,15
427,42091203304,118,82,average,2,42,091,2033.04,0.032,0.022,0.47,17
428,42101003800,143,89,average,2,42,101,38,0.039,0.024,0.54,20
429,42101008302,181,163,average,2,42,101,83.02,0.046,0.040,0.60,27
430,42101017602,1014,158,well above average,4,42,101,176.02,0.254,0.044,0.95,31
431,42101001002,9,14,below average,1,42,101,10.02,0.003,0.004,0.03,15
432,42101001001,30,29,below average,1,42,101,10.01,0.011,0.011,0.15,17
433,42101000402,81,59,average,2,42,101,4.02,0.026,0.019,0.39,19
434,42101000401,338,112,above average,3,42,101,4.01,0.131,0.044,0.87,22
435,42091200104,344,138,average,2,42,091,2001.04,0.085,0.035,0.79,17
436,42091208201,6,8,below average,1,42,091,2082.01,0.003,0.004,0.03,13
437,42091208904,239,153,average,2,42,091,2089.04,0.080,0.051,0.78,22
438,42091207003,85,56,average,2,42,091,2070.03,0.029,0.019,0.42,15
439,42091208301,0,10,well below average,0,42,091,2083.01,0.000,0.009,0.01,11
440,42091200707,495,177,above average,3,42,091,2007.07,0.128,0.043,0.86,21
441,42091206905,338,170,average,2,42,091,2069.05,0.072,0.034,0.75,15
442,42091206702,94,62,average,2,42,091,2067.02,0.028,0.018,0.41,11
443,42091208702,1,3,well below average,0,42,091,2087.02,0.000,0.001,0.01,13
444,42091200103,243,140,average,2,42,091,2001.03,0.062,0.035,0.70,18
445,42091201201,193,95,average,2,42,091,2012.01,0.032,0.016,0.47,18
446,42091207202,275,176,average,2,42,091,2072.02,0.066,0.042,0.72,19
447,42091200908,117,57,average,2,42,091,2009.08,0.058,0.029,0.68,18
448,42091208100,37,28,below average,1,42,091,2081,0.014,0.010,0.20,14
449,42091205808,520,218,above average,3,42,091,2058.08,0.106,0.043,0.83,22
450,42091206102,485,245,average,2,42,091,2061.02,0.060,0.030,0.69,17
451,42091206005,282,143,average,2,42,091,2060.05,0.073,0.034,0.75,17
452,42091207800,16,28,below average,1,42,091,2078,0.002,0.004,0.02,14
453,42091203302,279,174,average,2,42,091,2033.02,0.047,0.029,0.61,17
454,42091202500,179,136,average,2,42,091,2025,0.033,0.024,0.48,23
455,42091203602,187,129,average,2,42,091,2036.02,0.049,0.034,0.62,21
456,42091206300,29,26,below average,1,42,091,2063,0.006,0.005,0.07,11
457,42091204600,248,250,average,2,42,091,2046,0.060,0.057,0.69,16
458,42091204101,37,29,below average,1,42,091,2041.01,0.010,0.008,0.13,13
459,42091205700,411,181,average,2,42,091,2057,0.092,0.040,0.81,17
460,42091205809,192,92,average,2,42,091,2058.09,0.073,0.034,0.75,18
461,42091201901,272,139,average,2,42,091,2019.01,0.059,0.030,0.68,18
462,42091202100,101,82,below average,1,42,091,2021,0.024,0.019,0.35,19
463,42091202402,171,112,average,2,42,091,2024.02,0.037,0.025,0.52,20
464,42091204701,32,29,below average,1,42,091,2047.01,0.016,0.015,0.23,14
465,42091207300,248,110,average,2,42,091,2073,0.099,0.044,0.82,21
466,42091208801,40,34,average,2,42,091,2088.01,0.032,0.028,0.47,22
467,42091207201,119,66,average,2,42,091,2072.01,0.053,0.029,0.65,15
468,42091203801,424,178,above average,3,42,091,2038.01,0.124,0.046,0.85,25
469,42091201203,38,35,below average,1,42,091,2012.03,0.012,0.011,0.16,17
470,42101012204,158,55,average,2,42,101,122.04,0.044,0.016,0.58,26
471,42101012203,102,59,above average,3,42,101,122.03,0.165,0.077,0.90,23
472,42101013602,165,96,average,2,42,101,136.02,0.049,0.028,0.62,16
473,42101034501,834,226,well above average,4,42,101,345.01,0.254,0.065,0.95,28
474,42101034502,1573,377,well above average,4,42,101,345.02,0.339,0.062,0.98,26
475,42101001102,39,27,below average,1,42,101,11.02,0.016,0.011,0.23,12
476,42101000902,367,121,above average,3,42,101,9.02,0.141,0.044,0.87,21
477,42101000901,103,62,average,2,42,101,9.01,0.049,0.030,0.62,17
478,42101017201,89,114,average,2,42,101,172.01,0.031,0.041,0.45,26
479,42101017202,118,136,average,2,42,101,172.02,0.041,0.048,0.56,29
480,42101027401,932,293,well above average,4,42,101,274.01,0.299,0.085,0.96,29
481,42101034803,172,94,average,2,42,101,348.03,0.044,0.024,0.58,21
482,42101034702,273,129,average,2,42,101,347.02,0.074,0.033,0.75,20
483,42101036202,250,143,average,2,42,101,362.02,0.044,0.025,0.58,19
484,42091202604,89,55,average,2,42,091,2026.04,0.040,0.024,0.55,22
485,42091202302,63,53,average,2,42,091,2023.02,0.031,0.026,0.45,23
486,42091203105,88,75,below average,1,42,091,2031.05,0.018,0.015,0.27,14
487,42091201902,212,124,average,2,42,091,2019.02,0.041,0.023,0.56,19
488,42091202202,313,106,above average,3,42,091,2022.02,0.105,0.034,0.83,22
489,42091209100,43,30,below average,1,42,091,2091,0.008,0.006,0.10,14
490,42091204500,67,39,below average,1,42,091,2045,0.015,0.009,0.22,14
491,42091208802,51,51,below average,1,42,091,2088.02,0.017,0.017,0.25,21
492,42091207500,34,36,below average,1,42,091,2075,0.010,0.011,0.13,14
493,42091201302,239,134,average,2,42,091,2013.02,0.087,0.048,0.79,18
494,34021002500,746,315,above average,3,34,021,25,0.128,0.051,0.86,23
495,34021002702,392,185,average,2,34,021,27.02,0.065,0.028,0.71,25
496,34021002800,1699,524,well above average,4,34,021,28,0.258,0.076,0.95,26
497,34021002601,799,226,well above average,4,34,021,26.01,0.200,0.048,0.92,27
498,42101038400,60,55,average,2,42,101,384,0.026,0.024,0.39,19
499,42091205100,15,11,below average,1,42,091,2051,0.010,0.007,0.13,19
500,42091201404,153,99,average,2,42,091,2014.04,0.033,0.021,0.48,17
501,42091203203,450,173,above average,3,42,091,2032.03,0.109,0.042,0.84,21
502,34005701700,75,43,below average,1,34,005,7017,0.021,0.012,0.31,16
503,34005701502,185,98,average,2,34,005,7015.02,0.046,0.024,0.60,17
504,34005701201,115,68,average,2,34,005,7012.01,0.037,0.023,0.52,19
505,34005701203,85,43,average,2,34,005,7012.03,0.048,0.025,0.61,18
506,34005701204,276,107,above average,3,34,005,7012.04,0.118,0.049,0.85,27
507,34005701205,103,62,average,2,34,005,7012.05,0.049,0.028,0.62,21
508,42091201003,370,180,average,2,42,091,2010.03,0.078,0.037,0.77,19
509,42091206007,424,213,average,2,42,091,2060.07,0.067,0.033,0.73,18
510,42091210400,69,50,below average,1,42,091,2104,0.017,0.012,0.25,21
511,42091200906,75,54,average,2,42,091,2009.06,0.044,0.031,0.58,20
512,42091201005,68,57,below average,1,42,091,2010.05,0.021,0.018,0.31,15
513,42091203601,255,169,average,2,42,091,2036.01,0.094,0.054,0.81,27
514,42091207900,26,21,below average,1,42,091,2079,0.011,0.009,0.15,17
515,42091209202,13,14,below average,1,42,091,2092.02,0.007,0.007,0.09,19
516,42091209201,12,10,below average,1,42,091,2092.01,0.007,0.006,0.09,12
517,42091203500,535,328,average,2,42,091,2035,0.092,0.054,0.81,23
518,42091207101,116,108,below average,1,42,091,2071.01,0.020,0.019,0.29,14
519,42101020600,102,70,average,2,42,101,206,0.065,0.043,0.71,22
520,42101029100,1368,357,well above average,4,42,101,291,0.307,0.064,0.97,33
521,42101029200,852,333,well above average,4,42,101,292,0.198,0.073,0.92,31
522,42101029300,356,204,above average,3,42,101,293,0.132,0.065,0.87,31
523,42101029400,593,317,well above average,4,42,101,294,0.231,0.102,0.93,32
524,42101029800,762,263,above average,3,42,101,298,0.160,0.053,0.89,27
525,42101033300,309,114,average,2,42,101,333,0.079,0.027,0.77,24
526,42101033400,1336,307,well above average,4,42,101,334,0.264,0.057,0.96,26
527,42101033500,1091,278,well above average,4,42,101,335,0.297,0.064,0.96,29
528,42101033600,1084,347,above average,3,42,101,336,0.160,0.045,0.89,23
529,42101033800,1049,330,well above average,4,42,101,338,0.182,0.057,0.91,24
530,42101033900,297,151,average,2,42,101,339,0.099,0.049,0.82,21
531,42101034000,305,148,above average,3,42,101,340,0.108,0.053,0.84,21
532,42101021300,36,47,below average,1,42,101,213,0.010,0.013,0.13,13
533,42091204400,152,144,average,2,42,091,2044,0.052,0.048,0.64,17
534,42091201204,86,50,average,2,42,091,2012.04,0.041,0.024,0.56,18
535,42091208905,9,15,below average,1,42,091,2089.05,0.003,0.006,0.03,15
536,42091208901,66,79,below average,1,42,091,2089.01,0.019,0.023,0.28,18
537,42091201603,49,37,below average,1,42,091,2016.03,0.012,0.009,0.16,17
538,42091204009,36,32,below average,1,42,091,2040.09,0.022,0.020,0.33,18
539,42091208906,87,58,average,2,42,091,2089.06,0.025,0.017,0.37,21
540,42091208203,0,10,well below average,0,42,091,2082.03,0.000,0.005,0.01,12
541,42091206801,286,122,average,2,42,091,2068.01,0.041,0.018,0.56,19
542,42091200501,37,38,below average,1,42,091,2005.01,0.010,0.010,0.13,14
543,42091200605,397,160,average,2,42,091,2006.05,0.069,0.028,0.74,20
544,42091205904,17,22,below average,1,42,091,2059.04,0.008,0.010,0.10,15
545,42091205905,374,157,above average,3,42,091,2059.05,0.111,0.047,0.84,18
546,42091200603,84,51,average,2,42,091,2006.03,0.026,0.016,0.39,16
547,42101018400,50,34,below average,1,42,101,184,0.022,0.015,0.33,15
548,42101018800,1265,621,above average,3,42,101,188,0.158,0.068,0.89,30
549,42101021700,121,82,below average,1,42,101,217,0.022,0.015,0.33,16
550,42101021800,211,170,average,2,42,101,218,0.051,0.040,0.64,19
551,42101021900,15,14,below average,1,42,101,219,0.011,0.010,0.15,14
552,42091200507,237,116,average,2,42,091,2005.07,0.046,0.022,0.60,16
553,42091201502,64,38,average,2,42,091,2015.02,0.036,0.021,0.51,18
554,42091204007,63,35,average,2,42,091,2040.07,0.031,0.016,0.45,16
555,42091203402,198,132,average,2,42,091,2034.02,0.032,0.021,0.47,18
556,42091200401,99,63,average,2,42,091,2004.01,0.032,0.020,0.47,16
557,42091200200,6,7,below average,1,42,091,2002,0.005,0.005,0.06,16
558,42091204200,28,37,below average,1,42,091,2042,0.022,0.028,0.33,12
559,42091204010,75,43,average,2,42,091,2040.10,0.031,0.018,0.45,15
560,42091209000,0,10,well below average,0,42,091,2090,0.000,0.016,0.01,21
561,42101016701,30,43,below average,1,42,101,167.01,0.011,0.017,0.15,25
562,42101021400,151,172,average,2,42,101,214,0.034,0.039,0.49,11
563,42101021500,199,106,average,2,42,101,215,0.054,0.029,0.66,13
564,42101021600,48,44,below average,1,42,101,216,0.024,0.022,0.35,16
565,42101024100,27,27,below average,1,42,101,241,0.019,0.018,0.28,23
566,42101024200,43,51,below average,1,42,101,242,0.014,0.016,0.20,26
567,42101024300,0,10,well below average,0,42,101,243,0.000,0.008,0.01,21
568,42101024400,6,11,below average,1,42,101,244,0.002,0.004,0.02,24
569,42101024500,56,67,below average,1,42,101,245,0.017,0.019,0.25,26
570,42101024600,15,18,below average,1,42,101,246,0.006,0.007,0.07,25
571,42101024700,16,20,below average,1,42,101,247,0.004,0.005,0.04,26
572,42101024800,10,11,below average,1,42,101,248,0.005,0.005,0.06,25
573,42101024900,0,10,well below average,0,42,101,249,0.000,0.007,0.01,27
574,42101028200,604,276,above average,3,42,101,282,0.120,0.054,0.85,30
575,42101031800,792,204,well above average,4,42,101,318,0.220,0.057,0.93,28
576,42101031900,715,397,above average,3,42,101,319,0.154,0.079,0.89,25
577,42101032000,554,244,average,2,42,101,320,0.096,0.040,0.81,22
578,42101032100,336,197,average,2,42,101,321,0.087,0.047,0.79,25
579,42101032300,144,86,average,2,42,101,323,0.050,0.031,0.63,19
580,42091208704,104,68,below average,1,42,091,2087.04,0.023,0.015,0.34,20
581,42091208604,210,168,average,2,42,091,2086.04,0.038,0.030,0.53,14
582,42091200606,172,69,average,2,42,091,2006.06,0.054,0.021,0.66,18
583,42091206502,40,42,below average,1,42,091,2065.02,0.009,0.009,0.12,14
584,34005700502,51,52,below average,1,34,005,7005.02,0.024,0.024,0.35,17
585,34005700503,21,23,below average,1,34,005,7005.03,0.006,0.006,0.07,16
586,42101022000,86,53,average,2,42,101,220,0.052,0.031,0.64,24
587,42101980100,8,12,average,2,42,101,9801,0.075,0.111,0.75,11
588,42101023100,41,36,average,2,42,101,231,0.032,0.028,0.47,17
589,42101023500,21,20,below average,1,42,101,235,0.017,0.017,0.25,17
590,42101023600,38,51,below average,1,42,101,236,0.016,0.021,0.23,17
591,42101023700,123,120,average,2,42,101,237,0.025,0.024,0.37,21
592,42101023800,64,55,below average,1,42,101,238,0.017,0.014,0.25,20
593,42101023900,113,90,average,2,42,101,239,0.092,0.067,0.81,26
594,42101024000,27,21,below average,1,42,101,240,0.008,0.006,0.10,22
595,42101025700,110,78,average,2,42,101,257,0.031,0.023,0.45,22
596,34015500600,235,114,average,2,34,015,5006,0.025,0.012,0.37,17
597,42101016702,9,14,below average,1,42,101,167.02,0.003,0.005,0.03,24
598,42101027901,36,46,below average,1,42,101,279.01,0.011,0.014,0.15,23
599,42101027902,92,77,below average,1,42,101,279.02,0.022,0.018,0.33,18
600,42101008101,59,69,average,2,42,101,81.01,0.027,0.030,0.40,27
601,42101007102,66,79,below average,1,42,101,71.02,0.016,0.019,0.23,25
602,42101008802,411,143,average,2,42,101,88.02,0.062,0.023,0.70,17
603,42101008702,391,139,above average,3,42,101,87.02,0.151,0.047,0.88,20
604,42101008701,371,162,average,2,42,101,87.01,0.085,0.037,0.79,19
605,42101008102,121,88,below average,1,42,101,81.02,0.023,0.017,0.34,22
606,42101008602,44,35,below average,1,42,101,86.02,0.021,0.016,0.31,22
607,42101037500,176,97,average,2,42,101,375,0.046,0.026,0.60,23
608,42101980800,-99999,-99999,no data,-99999,42,101,9808,-99999.000,-99999.000,-99999.00,0
609,42101018002,749,361,above average,3,42,101,180.02,0.145,0.066,0.88,22
610,42101008801,110,46,average,2,42,101,88.01,0.048,0.021,0.61,17
611,42101012201,583,250,well above average,4,42,101,122.01,0.195,0.081,0.92,30
612,42101009801,150,74,average,2,42,101,98.01,0.066,0.033,0.72,27
613,42101007101,70,61,average,2,42,101,71.01,0.031,0.026,0.45,27
614,34015502400,257,159,average,2,34,015,5024,0.045,0.028,0.59,17
615,42091201301,129,72,average,2,42,091,2013.01,0.037,0.021,0.52,20
616,42091200607,246,90,average,2,42,091,2006.07,0.061,0.022,0.69,16
617,42091206501,120,74,average,2,42,091,2065.01,0.030,0.018,0.43,17
618,42091206704,171,97,average,2,42,091,2067.04,0.025,0.014,0.37,15
619,42101026900,126,49,average,2,42,101,269,0.058,0.020,0.68,26
620,42101027000,296,150,above average,3,42,101,270,0.106,0.049,0.83,24
621,42101027100,928,332,well above average,4,42,101,271,0.303,0.091,0.97,27
622,42101027200,275,85,average,2,42,101,272,0.060,0.019,0.69,27
623,42101027300,1244,293,well above average,4,42,101,273,0.197,0.045,0.92,30
624,42101027500,529,217,above average,3,42,101,275,0.112,0.044,0.84,28
625,42101027600,41,45,below average,1,42,101,276,0.013,0.014,0.18,24
626,42101027700,299,100,average,2,42,101,277,0.061,0.024,0.69,25
627,42101027800,129,122,average,2,42,101,278,0.030,0.028,0.43,28
628,34005702601,77,43,below average,1,34,005,7026.01,0.019,0.011,0.28,16
629,34005702603,183,108,average,2,34,005,7026.03,0.073,0.042,0.75,19
630,34005702908,77,57,below average,1,34,005,7029.08,0.019,0.014,0.28,18
631,34005702906,91,58,average,2,34,005,7029.06,0.045,0.028,0.59,18
632,34021004203,318,123,average,2,34,021,42.03,0.079,0.029,0.77,22
633,34021004201,643,184,average,2,34,021,42.01,0.093,0.027,0.81,20
634,34015501101,208,149,average,2,34,015,5011.01,0.051,0.037,0.64,22
635,34015500500,48,50,below average,1,34,015,5005,0.010,0.011,0.13,16
636,34015500202,78,62,below average,1,34,015,5002.02,0.018,0.014,0.27,17
637,34015500100,115,107,average,2,34,015,5001,0.028,0.027,0.41,19
638,34005702500,249,130,average,2,34,005,7025,0.044,0.023,0.58,18
639,34005701001,511,214,above average,3,34,005,7010.01,0.109,0.046,0.84,23
640,34015501500,133,100,below average,1,34,015,5015,0.017,0.013,0.25,19
641,34015501206,215,178,average,2,34,015,5012.06,0.062,0.050,0.70,21
642,34015501105,272,313,average,2,34,015,5011.05,0.093,0.100,0.81,21
643,34015500204,242,169,average,2,34,015,5002.04,0.040,0.027,0.55,19
644,34021004501,184,74,average,2,34,021,45.01,0.028,0.011,0.41,13
645,34021001101,71,56,average,2,34,021,11.01,0.032,0.026,0.47,27
646,34021003904,295,149,average,2,34,021,39.04,0.051,0.026,0.64,18
647,34021004309,110,97,average,2,34,021,43.09,0.025,0.022,0.37,15
648,34021004310,379,192,average,2,34,021,43.10,0.042,0.021,0.57,19
649,34015501403,80,89,below average,1,34,015,5014.03,0.022,0.024,0.33,17
650,34015501404,61,64,below average,1,34,015,5014.04,0.020,0.021,0.29,13
651,34015501212,171,99,average,2,34,015,5012.12,0.047,0.027,0.61,18
652,34015501213,228,123,average,2,34,015,5012.13,0.051,0.028,0.64,15
653,34015501406,271,120,average,2,34,015,5014.06,0.058,0.026,0.68,21
654,34015501608,53,42,below average,1,34,015,5016.08,0.011,0.009,0.15,19
655,34015502002,0,17,well below average,0,34,015,5020.02,0.000,0.005,0.01,14
656,34021004406,1183,322,well above average,4,34,021,44.06,0.260,0.061,0.95,26
657,34021004403,1172,475,well above average,4,34,021,44.03,0.234,0.096,0.93,25
658,34021004405,1070,304,above average,3,34,021,44.05,0.144,0.038,0.87,25
659,34021004204,345,182,average,2,34,021,42.04,0.063,0.034,0.70,18
660,34021000200,1115,247,well above average,4,34,021,2,0.308,0.059,0.97,27
661,34021000300,1166,399,well above average,4,34,021,3,0.279,0.086,0.96,28
662,34021000400,1961,360,well above average,4,34,021,4,0.447,0.065,0.99,29
663,34021000500,1552,374,well above average,4,34,021,5,0.397,0.069,0.99,25
664,34021000600,1564,521,well above average,4,34,021,6,0.348,0.095,0.98,26
665,34021000700,998,338,well above average,4,34,021,7,0.394,0.092,0.99,25
666,34021000800,1018,266,well above average,4,34,021,8,0.495,0.100,0.99,27
667,34021000900,567,200,well above average,4,34,021,9,0.181,0.059,0.91,27
668,42091201704,23,26,below average,1,42,091,2017.04,0.008,0.009,0.10,13
669,42091202401,14,17,below average,1,42,091,2024.01,0.004,0.005,0.04,23
670,42091200106,180,75,average,2,42,091,2001.06,0.097,0.040,0.82,22
671,34005701002,226,99,average,2,34,005,7010.02,0.061,0.026,0.69,20
672,34005704006,123,43,average,2,34,005,7040.06,0.056,0.020,0.67,19
673,34005704007,70,74,below average,1,34,005,7040.07,0.019,0.020,0.28,17
674,34005704008,168,123,average,2,34,005,7040.08,0.032,0.024,0.47,15
675,34005704009,87,59,below average,1,34,005,7040.09,0.019,0.013,0.28,16
676,42091203401,268,138,average,2,42,091,2034.01,0.047,0.023,0.61,20
677,42101000100,83,79,below average,1,42,101,1,0.021,0.020,0.31,15
678,42101000200,749,257,well above average,4,42,101,2,0.305,0.080,0.97,23
679,42101000300,145,80,average,2,42,101,3,0.042,0.024,0.57,18
680,42101000500,228,92,average,2,42,101,5,0.094,0.032,0.81,17
681,42101000600,62,45,average,2,42,101,6,0.049,0.034,0.62,17
682,42091206904,157,87,average,2,42,091,2069.04,0.030,0.017,0.43,19
683,42091201006,76,42,average,2,42,091,2010.06,0.034,0.018,0.49,17
684,42091204300,149,79,average,2,42,091,2043,0.056,0.029,0.67,20
685,42091205200,47,41,below average,1,42,091,2052,0.016,0.014,0.23,15
686,42091203403,75,51,average,2,42,091,2034.03,0.025,0.017,0.37,18
687,42091200907,5,8,below average,1,42,091,2009.07,0.002,0.003,0.02,12
688,42091207004,102,91,average,2,42,091,2070.04,0.025,0.022,0.37,16
689,42091204702,106,49,average,2,42,091,2047.02,0.033,0.015,0.48,18
690,42101034100,70,89,below average,1,42,101,341,0.013,0.016,0.18,17
691,42101034200,198,91,average,2,42,101,342,0.059,0.029,0.68,24
692,42101980200,4,6,below average,1,42,101,9802,0.006,0.009,0.07,18
693,42101034400,787,317,above average,3,42,101,344,0.104,0.042,0.83,22
694,42101034600,210,92,average,2,42,101,346,0.085,0.036,0.79,21
695,42091201703,50,44,below average,1,42,091,2017.03,0.017,0.015,0.25,15
696,42091202301,91,60,below average,1,42,091,2023.01,0.021,0.013,0.31,17
697,42091203104,44,56,below average,1,42,091,2031.04,0.011,0.014,0.15,17
698,42091202602,30,27,below average,1,42,091,2026.02,0.012,0.010,0.16,16
699,42091201607,72,46,below average,1,42,091,2016.07,0.022,0.014,0.33,19
700,42091203700,195,89,above average,3,42,091,2037,0.111,0.047,0.84,23
701,42091201604,116,108,average,2,42,091,2016.04,0.040,0.036,0.55,19
702,42091201608,177,94,average,2,42,091,2016.08,0.040,0.021,0.55,18
703,42091205000,79,39,average,2,42,091,2050,0.032,0.016,0.47,19
704,42091205502,106,62,average,2,42,091,2055.02,0.031,0.018,0.45,17
705,42091205600,98,56,average,2,42,091,2056,0.025,0.014,0.37,17
706,42091206006,42,38,below average,1,42,091,2060.06,0.016,0.014,0.23,17
707,42091200901,344,166,average,2,42,091,2009.01,0.089,0.041,0.80,23
708,42091206703,64,55,below average,1,42,091,2067.03,0.017,0.014,0.25,15
709,42091210600,222,61,average,2,42,091,2106,0.053,0.015,0.65,17
710,42101000700,119,88,average,2,42,101,7,0.037,0.027,0.52,19
711,42101003200,187,136,average,2,42,101,32,0.043,0.028,0.57,29
712,42101003300,190,147,average,2,42,101,33,0.033,0.026,0.48,22
713,42101003600,783,309,above average,3,42,101,36,0.118,0.045,0.85,29
714,42101003701,264,184,average,2,42,101,37.01,0.045,0.033,0.59,27
715,42101003702,836,236,well above average,4,42,101,37.02,0.221,0.056,0.93,26
716,42101004101,2219,569,well above average,4,42,101,41.01,0.387,0.079,0.99,29
717,42101004002,342,224,average,2,42,101,40.02,0.071,0.044,0.74,19
718,42101003902,68,45,below average,1,42,101,39.02,0.012,0.008,0.16,15
719,42101004001,545,145,above average,3,42,101,40.01,0.142,0.039,0.87,24
720,42101004102,2828,892,well above average,4,42,101,41.02,0.337,0.092,0.98,27
721,42101004202,971,464,well above average,4,42,101,42.02,0.185,0.083,0.91,24
722,42101004201,659,169,above average,3,42,101,42.01,0.129,0.029,0.86,22
723,42101025800,6,8,below average,1,42,101,258,0.004,0.005,0.04,25
724,42101025900,14,24,below average,1,42,101,259,0.003,0.005,0.03,21
725,42101026000,122,68,average,2,42,101,260,0.041,0.024,0.56,26
726,42101026100,22,26,below average,1,42,101,261,0.007,0.008,0.09,25
727,42101026200,6,10,below average,1,42,101,262,0.001,0.002,0.02,23
728,42101034801,107,79,average,2,42,101,348.01,0.025,0.019,0.37,19
729,42101026302,84,79,below average,1,42,101,263.02,0.016,0.015,0.23,24
730,42091208500,135,87,average,2,42,091,2085,0.029,0.019,0.42,17
731,42091205801,470,158,above average,3,42,091,2058.01,0.165,0.055,0.90,24
732,42091200502,104,82,below average,1,42,091,2005.02,0.022,0.017,0.33,16
733,42091208302,110,74,below average,1,42,091,2083.02,0.012,0.008,0.16,15
734,42091201100,37,35,below average,1,42,091,2011,0.012,0.012,0.16,12
735,42091201004,396,186,average,2,42,091,2010.04,0.080,0.038,0.78,22
736,42091200704,150,94,average,2,42,091,2007.04,0.043,0.027,0.57,17
737,42091206906,22,32,below average,1,42,091,2069.06,0.008,0.011,0.10,13
738,42101032500,259,189,average,2,42,101,325,0.047,0.034,0.61,21
739,42101032600,500,305,average,2,42,101,326,0.085,0.047,0.79,23
740,42101989100,123,67,average,2,42,101,9891,0.042,0.023,0.57,22
741,42101032900,243,161,average,2,42,101,329,0.078,0.050,0.77,20
742,42101033000,447,213,average,2,42,101,330,0.067,0.033,0.73,22
743,42101033200,241,88,average,2,42,101,332,0.095,0.034,0.81,19
744,42101980300,-99999,-99999,no data,-99999,42,101,9803,-99999.000,-99999.000,-99999.00,0
745,42101035500,1295,322,well above average,4,42,101,355,0.197,0.047,0.92,26
746,42101035800,1559,464,well above average,4,42,101,358,0.249,0.075,0.95,25
747,42101035900,1217,284,well above average,4,42,101,359,0.244,0.056,0.94,25
748,42101036000,746,206,well above average,4,42,101,360,0.256,0.070,0.95,28
749,42101036100,93,72,average,2,42,101,361,0.026,0.019,0.39,18
750,42101036203,230,111,average,2,42,101,362.03,0.046,0.022,0.60,16
751,42101035302,70,70,below average,1,42,101,353.02,0.017,0.017,0.25,17
752,42091210700,95,58,below average,1,42,091,2107,0.018,0.011,0.27,15
753,42091203902,653,303,well above average,4,42,091,2039.02,0.225,0.093,0.93,26
754,42091203303,350,180,average,2,42,091,2033.03,0.090,0.045,0.80,23
755,42091201705,65,54,below average,1,42,091,2017.05,0.015,0.013,0.22,15
756,42091208601,91,93,below average,1,42,091,2086.01,0.016,0.016,0.23,15
757,42091206600,23,21,below average,1,42,091,2066,0.018,0.016,0.27,15
758,34005702905,218,145,average,2,34,005,7029.05,0.056,0.035,0.67,16
759,34005702101,102,61,average,2,34,005,7021.01,0.030,0.018,0.43,18
760,34005700102,123,91,average,2,34,005,7001.02,0.048,0.035,0.61,20
761,42101026400,59,69,below average,1,42,101,264,0.011,0.012,0.15,25
762,42101026500,30,33,below average,1,42,101,265,0.006,0.007,0.07,23
763,42101026600,217,180,average,2,42,101,266,0.036,0.028,0.51,26
764,42101026700,36,47,below average,1,42,101,267,0.006,0.008,0.07,27
765,42101026800,183,80,average,2,42,101,268,0.044,0.019,0.58,26
766,42101029900,290,144,average,2,42,101,299,0.077,0.037,0.77,28
767,42101030000,392,199,average,2,42,101,300,0.059,0.029,0.68,29
768,42101030100,417,156,average,2,42,101,301,0.076,0.029,0.76,27
769,42101030200,1120,388,above average,3,42,101,302,0.157,0.047,0.89,28
770,42101030600,1108,496,above average,3,42,101,306,0.150,0.068,0.88,26
771,42101030700,280,126,average,2,42,101,307,0.086,0.039,0.79,22
772,42101030800,1098,375,well above average,4,42,101,308,0.247,0.077,0.94,28
773,42101030900,1228,379,well above average,4,42,101,309,0.306,0.078,0.97,28
774,34015501703,254,237,average,2,34,015,5017.03,0.064,0.057,0.71,17
775,34015501102,185,106,average,2,34,015,5011.02,0.030,0.017,0.43,19
776,42101980500,-99999,-99999,no data,-99999,42,101,9805,-99999.000,-99999.000,-99999.00,0
777,42101000801,0,10,well below average,0,42,101,8.01,0.000,0.015,0.01,11
778,42101001101,105,125,average,2,42,101,11.01,0.030,0.036,0.43,17
779,42101027402,1387,445,well above average,4,42,101,274.02,0.205,0.059,0.92,31
780,42101008601,193,124,average,2,42,101,86.01,0.070,0.043,0.74,19
781,42101036502,125,82,average,2,42,101,365.02,0.031,0.021,0.45,17
782,42101036700,35,27,below average,1,42,101,367,0.012,0.010,0.16,13
783,42101037600,594,311,well above average,4,42,101,376,0.203,0.086,0.92,22
784,42101038600,29,24,below average,1,42,101,386,0.021,0.018,0.31,17
785,42101038500,53,40,average,2,42,101,385,0.030,0.023,0.43,18
786,42101038700,42,33,below average,1,42,101,387,0.017,0.012,0.25,18
787,42101038800,87,62,below average,1,42,101,388,0.024,0.018,0.35,17
788,42101038900,80,45,average,2,42,101,389,0.026,0.015,0.39,25
789,42101980000,33,55,average,2,42,101,9800,0.032,0.050,0.47,16
790,34021004502,90,55,average,2,34,021,45.02,0.076,0.045,0.76,22
791,42101028000,24,20,below average,1,42,101,280,0.006,0.006,0.07,26
792,42101028100,120,103,average,2,42,101,281,0.030,0.025,0.43,28
793,34005704012,44,41,below average,1,34,005,7040.12,0.009,0.008,0.12,14
794,34005700401,58,61,average,2,34,005,7004.01,0.028,0.030,0.41,17
795,34005700402,51,45,below average,1,34,005,7004.02,0.016,0.015,0.23,13
796,34005700403,97,54,below average,1,34,005,7004.03,0.022,0.012,0.33,17
797,34005700405,78,61,average,2,34,005,7004.05,0.044,0.033,0.58,18
798,34005700103,88,46,average,2,34,005,7001.03,0.036,0.019,0.51,16
799,34005700104,108,73,average,2,34,005,7001.04,0.057,0.039,0.67,21
800,34005702300,74,50,average,2,34,005,7023,0.053,0.037,0.65,22
801,34005702203,132,71,average,2,34,005,7022.03,0.041,0.022,0.56,23
802,34005702206,51,38,average,2,34,005,7022.06,0.026,0.019,0.39,19
803,34005700305,157,113,average,2,34,005,7003.05,0.032,0.023,0.47,16
804,34005700306,110,74,average,2,34,005,7003.06,0.046,0.029,0.60,16
805,34015500201,159,140,average,2,34,015,5002.01,0.068,0.059,0.73,17
806,34021002100,1196,473,well above average,4,34,021,21,0.257,0.086,0.95,31
807,34021002200,1331,403,well above average,4,34,021,22,0.273,0.065,0.96,26
808,34021002701,528,223,above average,3,34,021,27.01,0.132,0.054,0.87,23
809,34021002400,66,31,average,2,34,021,24,0.054,0.042,0.66,13
810,34021004301,915,296,above average,3,34,021,43.01,0.112,0.036,0.84,24
811,34021004304,517,174,average,2,34,021,43.04,0.066,0.022,0.72,22
812,34021003800,203,126,average,2,34,021,38,0.028,0.018,0.41,16
813,34021003706,123,79,average,2,34,021,37.06,0.036,0.023,0.51,19
814,34021003100,785,226,well above average,4,34,021,31,0.183,0.048,0.91,25
815,42101005500,461,304,average,2,42,101,55,0.077,0.049,0.77,25
816,42101005600,1,3,below average,1,42,101,56,0.001,0.003,0.02,26
817,42101006000,586,277,average,2,42,101,60,0.101,0.045,0.82,25
818,42101006100,354,144,above average,3,42,101,61,0.115,0.044,0.84,28
819,42101006200,241,153,average,2,42,101,62,0.053,0.032,0.65,28
820,42101006300,584,257,above average,3,42,101,63,0.154,0.062,0.89,28
821,42101010000,193,150,average,2,42,101,100,0.045,0.034,0.59,27
822,42101010100,418,432,average,2,42,101,101,0.063,0.061,0.70,26
823,42101010200,0,10,well below average,0,42,101,102,0.000,0.008,0.01,26
824,42101010300,34,34,below average,1,42,101,103,0.015,0.016,0.22,26
825,42101010400,18,27,below average,1,42,101,104,0.005,0.007,0.06,28
826,42101010500,154,119,average,2,42,101,105,0.036,0.028,0.51,29
827,42101010600,53,57,average,2,42,101,106,0.038,0.041,0.53,28
828,42101010700,15,23,below average,1,42,101,107,0.004,0.007,0.04,24
829,42101010800,0,10,well below average,0,42,101,108,0.000,0.006,0.01,23
830,42101010900,26,20,below average,1,42,101,109,0.011,0.008,0.15,24
831,42101011000,85,74,below average,1,42,101,110,0.024,0.021,0.35,25
832,42101011100,29,29,below average,1,42,101,111,0.010,0.010,0.13,26
833,42101011200,0,10,well below average,0,42,101,112,0.000,0.005,0.01,25
834,42101011300,0,10,well below average,0,42,101,113,0.000,0.009,0.01,23
835,34021004404,1004,398,above average,3,34,021,44.04,0.153,0.055,0.88,23
836,34015501405,121,69,average,2,34,015,5014.05,0.032,0.019,0.47,16
837,34015501609,144,78,average,2,34,015,5016.09,0.025,0.014,0.37,18
838,34015502001,199,180,average,2,34,015,5020.01,0.039,0.035,0.54,15
839,34021003400,174,115,average,2,34,021,34,0.072,0.047,0.75,23
840,34021003500,434,187,average,2,34,021,35,0.065,0.028,0.71,23
841,34021003601,86,67,average,2,34,021,36.01,0.025,0.019,0.37,22
842,34021003602,193,86,average,2,34,021,36.02,0.058,0.026,0.68,17
843,34021003705,47,51,below average,1,34,021,37.05,0.008,0.009,0.10,17
844,42101020101,76,103,below average,1,42,101,201.01,0.021,0.028,0.31,27
845,34005700307,107,64,average,2,34,005,7003.07,0.041,0.025,0.56,15
846,34005700800,89,78,below average,1,34,005,7008,0.020,0.018,0.29,18
847,34005700602,437,219,average,2,34,005,7006.02,0.076,0.038,0.76,17
848,34005700303,87,65,average,2,34,005,7003.03,0.026,0.019,0.39,18
849,34005700605,217,121,average,2,34,005,7006.05,0.049,0.027,0.62,15
850,42091208903,36,37,below average,1,42,091,2089.03,0.014,0.015,0.20,20
851,42091204008,77,58,average,2,42,091,2040.08,0.030,0.023,0.43,16
852,42091200800,467,154,above average,3,42,091,2008,0.147,0.048,0.88,21
853,42091205503,206,83,average,2,42,091,2055.03,0.046,0.019,0.60,21
854,34021003302,947,299,above average,3,34,021,33.02,0.124,0.040,0.85,23
855,34021003201,343,136,average,2,34,021,32.01,0.047,0.019,0.61,17
856,34021003903,74,63,average,2,34,021,39.03,0.030,0.025,0.43,17
857,34021003202,715,328,above average,3,34,021,32.02,0.131,0.055,0.87,22
858,34021004000,812,418,above average,3,34,021,40,0.164,0.074,0.90,18
859,42101007900,196,111,average,2,42,101,79,0.047,0.026,0.61,18
860,42101008000,87,55,below average,1,42,101,80,0.024,0.015,0.35,22
861,42101008200,187,155,average,2,42,101,82,0.031,0.025,0.45,28
862,42101017601,2165,455,well above average,4,42,101,176.01,0.422,0.068,0.99,31
863,42101008301,262,178,average,2,42,101,83.01,0.058,0.038,0.68,28
864,42091206201,16,17,below average,1,42,091,2062.01,0.007,0.008,0.09,17
865,42101001300,120,144,below average,1,42,101,13,0.021,0.025,0.31,17
866,42101001400,57,84,below average,1,42,101,14,0.016,0.023,0.23,14
867,42101001500,130,61,average,2,42,101,15,0.049,0.022,0.62,18
868,42101001600,32,30,below average,1,42,101,16,0.016,0.014,0.23,12
869,42101001700,0,10,well below average,0,42,101,17,0.000,0.008,0.01,12
870,42101001800,162,109,average,2,42,101,18,0.052,0.033,0.64,17
871,42101001900,84,81,average,2,42,101,19,0.029,0.028,0.42,18
872,42101002000,6,9,below average,1,42,101,20,0.003,0.005,0.03,17
873,42101002100,45,47,below average,1,42,101,21,0.021,0.021,0.31,19
874,42101002200,80,81,average,2,42,101,22,0.037,0.036,0.52,23
875,42101002300,379,153,above average,3,42,101,23,0.138,0.055,0.87,21
876,42101002400,841,373,above average,3,42,101,24,0.171,0.064,0.90,20
877,42101002500,151,120,average,2,42,101,25,0.043,0.034,0.57,19
878,42101002900,569,359,above average,3,42,101,29,0.147,0.086,0.88,21
879,42101003100,246,173,average,2,42,101,31,0.066,0.043,0.72,28
880,42101005000,-99999,-99999,no data,-99999,42,101,50,-99999.000,-99999.000,-99999.00,0
881,42101005400,87,86,average,2,42,101,54,0.064,0.061,0.71,24
882,42101002801,1895,484,well above average,4,42,101,28.01,0.413,0.084,0.99,27
883,42101020102,25,39,below average,1,42,101,201.02,0.009,0.014,0.12,23
884,42101031101,1543,393,well above average,4,42,101,311.01,0.304,0.069,0.97,31
885,42101031102,676,268,above average,3,42,101,311.02,0.165,0.063,0.90,30
886,42101019502,943,317,well above average,4,42,101,195.02,0.289,0.093,0.96,32
887,42101019501,1392,289,well above average,4,42,101,195.01,0.347,0.086,0.98,32
888,42101028901,978,375,well above average,4,42,101,289.01,0.248,0.079,0.95,30
889,42101028902,2225,578,well above average,4,42,101,289.02,0.360,0.069,0.98,33
890,42101033101,176,110,average,2,42,101,331.01,0.041,0.025,0.56,18
891,42101033102,167,108,average,2,42,101,331.02,0.050,0.030,0.63,21
892,42101031501,743,269,above average,3,42,101,315.01,0.126,0.040,0.86,20
893,42101030501,697,289,above average,3,42,101,305.01,0.129,0.051,0.86,27
894,42101030502,1521,316,well above average,4,42,101,305.02,0.247,0.047,0.94,31
895,42101009802,97,101,below average,1,42,101,98.02,0.016,0.017,0.23,21
896,42101018001,41,38,below average,1,42,101,180.01,0.016,0.015,0.23,16
897,42101017702,1424,243,well above average,4,42,101,177.02,0.287,0.039,0.96,32
898,42101017701,985,374,well above average,4,42,101,177.01,0.276,0.094,0.96,30
899,42101035602,476,156,above average,3,42,101,356.02,0.156,0.047,0.89,22
900,42101036201,238,103,average,2,42,101,362.01,0.051,0.023,0.64,17
901,42091205501,271,174,average,2,42,091,2055.01,0.081,0.049,0.78,19
902,42091205300,206,155,above average,3,42,091,2053,0.104,0.072,0.83,22
903,42091203000,128,97,average,2,42,091,2030,0.040,0.030,0.55,16
904,42091210300,126,118,average,2,42,091,2103,0.032,0.030,0.47,17
905,42091200105,230,58,average,2,42,091,2001.05,0.084,0.021,0.78,17
906,42091206400,129,134,average,2,42,091,2064,0.038,0.039,0.53,17
907,42091203205,82,47,average,2,42,091,2032.05,0.040,0.023,0.55,15
908,42091207104,56,77,below average,1,42,091,2071.04,0.020,0.028,0.29,15
909,42101006400,502,165,above average,3,42,101,64,0.147,0.050,0.88,28
910,42101006500,30,27,below average,1,42,101,65,0.008,0.007,0.10,24
911,42101008400,37,46,below average,1,42,101,84,0.009,0.010,0.12,26
912,42101008500,336,181,average,2,42,101,85,0.051,0.026,0.64,26
913,42101009000,352,155,average,2,42,101,90,0.057,0.026,0.67,17
914,42101009100,175,73,average,2,42,101,91,0.063,0.029,0.70,23
915,42101009200,144,124,average,2,42,101,92,0.043,0.037,0.57,24
916,42101009300,51,51,below average,1,42,101,93,0.013,0.013,0.18,25
917,42101009400,11,17,below average,1,42,101,94,0.003,0.005,0.03,27
918,42101009500,16,25,below average,1,42,101,95,0.006,0.009,0.07,26
919,42101009600,25,42,below average,1,42,101,96,0.006,0.010,0.07,26
920,42101013800,52,44,average,2,42,101,138,0.025,0.021,0.37,25
921,42101013900,33,20,below average,1,42,101,139,0.012,0.007,0.16,25
922,42101014000,250,162,average,2,42,101,140,0.088,0.055,0.80,25
923,42101014100,306,117,above average,3,42,101,141,0.131,0.048,0.87,30
924,42101014200,120,91,average,2,42,101,142,0.032,0.023,0.47,13
925,42101014300,156,79,average,2,42,101,143,0.097,0.045,0.82,13
926,42101031000,1983,427,well above average,4,42,101,310,0.263,0.057,0.95,28
927,42101031200,830,212,above average,3,42,101,312,0.177,0.046,0.91,31
928,42101031300,1893,468,well above average,4,42,101,313,0.319,0.069,0.97,29
929,42101031600,1013,433,above average,3,42,101,316,0.167,0.062,0.90,23
930,42101031700,682,285,above average,3,42,101,317,0.124,0.053,0.85,27
931,34015501210,50,42,below average,1,34,015,5012.10,0.014,0.012,0.20,12
932,34015501103,241,123,average,2,34,015,5011.03,0.051,0.026,0.64,17
933,34015501402,147,101,average,2,34,015,5014.02,0.045,0.031,0.59,20
934,34015502300,259,162,above average,3,34,015,5023,0.108,0.069,0.84,22
935,34015500702,31,47,below average,1,34,015,5007.02,0.005,0.008,0.06,15
936,34015501003,180,220,average,2,34,015,5010.03,0.051,0.061,0.64,18
937,34015501204,23,28,below average,1,34,015,5012.04,0.006,0.007,0.07,15
938,34015501104,267,193,average,2,34,015,5011.04,0.090,0.062,0.80,20
939,42101036302,140,92,average,2,42,101,363.02,0.046,0.029,0.60,21
940,42101036900,359,133,average,2,42,101,369,0.069,0.028,0.74,15
941,42101037300,282,157,average,2,42,101,373,0.051,0.027,0.64,17
942,42101037200,1032,209,well above average,4,42,101,372,0.235,0.039,0.94,25
943,42101038300,717,233,well above average,4,42,101,383,0.206,0.060,0.93,30
944,42101039000,1301,373,above average,3,42,101,390,0.161,0.041,0.89,31
945,42101037800,33,36,below average,1,42,101,378,0.013,0.014,0.18,14
946,42101037700,284,129,average,2,42,101,377,0.053,0.029,0.65,22
947,42091201706,171,122,average,2,42,091,2017.06,0.039,0.027,0.54,18
948,42091201605,98,60,average,2,42,091,2016.05,0.035,0.020,0.50,17
949,42091202000,37,21,below average,1,42,091,2020,0.015,0.009,0.22,13
950,42101006600,354,208,above average,3,42,101,66,0.116,0.064,0.85,32
951,42101006700,612,310,above average,3,42,101,67,0.102,0.047,0.82,30
952,42101006900,86,86,average,2,42,101,69,0.037,0.037,0.52,28
953,42101007000,94,86,average,2,42,101,70,0.028,0.026,0.41,26
954,42101007200,96,109,below average,1,42,101,72,0.021,0.025,0.31,26
955,42101007300,0,10,well below average,0,42,101,73,0.000,0.009,0.01,23
956,42101007400,119,110,average,2,42,101,74,0.030,0.028,0.43,28
957,42101007700,158,66,average,2,42,101,77,0.077,0.032,0.77,19
958,42101007800,216,95,average,2,42,101,78,0.053,0.023,0.65,18
959,42101011500,136,177,average,2,42,101,115,0.031,0.039,0.45,26
960,42101011700,30,35,below average,1,42,101,117,0.016,0.019,0.23,15
961,34005702204,149,104,average,2,34,005,7022.04,0.068,0.046,0.73,20
962,34005702208,226,125,average,2,34,005,7022.08,0.034,0.018,0.49,19
963,34005700701,373,295,above average,3,34,005,7007.01,0.124,0.092,0.85,17
964,42101036303,253,155,average,2,42,101,363.03,0.044,0.027,0.58,18
965,42101034701,978,255,above average,3,42,101,347.01,0.164,0.040,0.90,22
966,42101034802,352,234,average,2,42,101,348.02,0.069,0.046,0.74,22
967,42101034900,510,309,above average,3,42,101,349,0.102,0.054,0.82,21
968,42101035100,44,68,below average,1,42,101,351,0.011,0.017,0.15,18
969,42101035200,193,113,average,2,42,101,352,0.050,0.029,0.63,17
970,42101035301,161,106,average,2,42,101,353.01,0.032,0.021,0.47,18
971,42101026301,41,34,below average,1,42,101,263.01,0.011,0.009,0.15,22
972,42101000804,110,105,average,2,42,101,8.04,0.027,0.026,0.40,14
973,34021004407,1259,419,well above average,4,34,021,44.07,0.183,0.057,0.91,24
974,34021004306,350,109,average,2,34,021,43.06,0.069,0.021,0.74,20
975,42091201411,75,57,average,2,42,091,2014.11,0.028,0.022,0.41,14
976,42091200307,63,49,below average,1,42,091,2003.07,0.021,0.016,0.31,20
977,42091204900,65,47,below average,1,42,091,2049,0.013,0.009,0.18,17
978,42091205400,395,296,average,2,42,091,2054,0.067,0.048,0.73,19
979,42091204002,133,100,average,2,42,091,2040.02,0.042,0.031,0.57,19
980,42091204800,64,45,below average,1,42,091,2048,0.013,0.009,0.18,17
981,42091200402,22,22,below average,1,42,091,2004.02,0.006,0.006,0.07,14
982,34005703600,54,47,below average,1,34,005,7036,0.008,0.007,0.10,14
983,34005703700,77,76,below average,1,34,005,7037,0.012,0.012,0.16,15
984,34005703801,142,112,below average,1,34,005,7038.01,0.022,0.017,0.33,15
985,34005703802,55,43,below average,1,34,005,7038.02,0.014,0.011,0.20,16
986,34005703803,98,63,below average,1,34,005,7038.03,0.021,0.014,0.31,16
987,34005701102,191,90,average,2,34,005,7011.02,0.037,0.017,0.52,20
988,34005700702,413,239,above average,3,34,005,7007.02,0.161,0.089,0.89,20
989,34015501209,190,112,average,2,34,015,5012.09,0.027,0.016,0.40,20
990,34015502200,396,209,average,2,34,015,5022,0.036,0.019,0.51,17
991,34015500701,100,95,below average,1,34,015,5007.01,0.013,0.013,0.18,16
992,34015501900,28,31,below average,1,34,015,5019,0.007,0.008,0.09,16
993,34015501605,17,22,below average,1,34,015,5016.05,0.004,0.005,0.04,20
994,34021002903,294,238,above average,3,34,021,29.03,0.104,0.081,0.83,22
995,34021002902,586,244,above average,3,34,021,29.02,0.128,0.050,0.86,22
996,34021003001,201,114,average,2,34,021,30.01,0.035,0.020,0.50,18
997,34021003002,70,61,below average,1,34,021,30.02,0.013,0.012,0.18,16
998,34015500300,14,14,below average,1,34,015,5003,0.005,0.005,0.06,16
999,34015501704,259,182,average,2,34,015,5017.04,0.061,0.043,0.69,21
1000,34015501800,13,8,below average,1,34,015,5018,0.008,0.005,0.10,16
1001,34015501201,272,134,average,2,34,015,5012.01,0.046,0.022,0.60,15
1002,34015500205,9,13,below average,1,34,015,5002.05,0.003,0.004,0.03,17
1003,42091203106,57,26,average,2,42,091,2031.06,0.032,0.014,0.47,15
1004,42091208204,24,23,below average,1,42,091,2082.04,0.007,0.007,0.09,14
1005,34015500703,6,11,below average,1,34,015,5007.03,0.004,0.008,0.04,14
1006,34015500203,25,28,below average,1,34,015,5002.03,0.006,0.006,0.07,14
1007,34015500900,40,33,below average,1,34,015,5009,0.014,0.012,0.20,15
1008,34015501107,47,60,below average,1,34,015,5011.07,0.011,0.014,0.15,15
1009,34015500800,27,31,below average,1,34,015,5008,0.013,0.015,0.18,13
1010,34015501001,69,46,average,2,34,015,5010.01,0.035,0.023,0.50,21
1011,34015501002,243,162,average,2,34,015,5010.02,0.065,0.041,0.71,27
1012,34015501106,68,53,below average,1,34,015,5011.06,0.018,0.014,0.27,19
1013,34005701103,296,105,average,2,34,005,7011.03,0.050,0.017,0.63,18
1014,34005701104,333,111,average,2,34,005,7011.04,0.077,0.024,0.77,22
1015,34005701105,153,117,average,2,34,005,7011.05,0.026,0.019,0.39,23
1016,34005700304,46,33,below average,1,34,005,7003.04,0.020,0.014,0.29,15
1017,42101035701,1869,291,well above average,4,42,101,357.01,0.440,0.054,0.99,25
1018,42101035702,1453,273,well above average,4,42,101,357.02,0.370,0.062,0.98,25
1019,42101035601,1152,283,well above average,4,42,101,356.01,0.227,0.055,0.93,25
1020,42101015101,26,33,below average,1,42,101,151.01,0.012,0.015,0.16,24
1021,42101015102,179,206,average,2,42,101,151.02,0.055,0.063,0.66,30
1022,42101036501,625,250,above average,3,42,101,365.01,0.130,0.053,0.86,20
1023,34021003003,229,112,average,2,34,021,30.03,0.039,0.019,0.54,15
1024,34021003009,340,146,average,2,34,021,30.09,0.068,0.029,0.73,22
1025,34021003006,317,234,average,2,34,021,30.06,0.056,0.040,0.67,16
1026,34021003007,14,18,below average,1,34,021,30.07,0.004,0.005,0.04,14
1027,34021003008,256,106,average,2,34,021,30.08,0.050,0.020,0.63,16
1028,34021003004,180,112,average,2,34,021,30.04,0.036,0.022,0.51,16
1029,34021003902,24,16,below average,1,34,021,39.02,0.013,0.009,0.18,14
1030,42091207600,4,6,below average,1,42,091,2076,0.001,0.002,0.02,12
1031,42091206104,38,27,below average,1,42,091,2061.04,0.013,0.009,0.18,14
1032,42091200708,246,136,average,2,42,091,2007.08,0.045,0.025,0.59,17
1033,42091206105,99,55,below average,1,42,091,2061.05,0.017,0.010,0.25,13
1034,42091206106,114,123,average,2,42,091,2061.06,0.025,0.026,0.37,14
1035,42091200308,149,77,average,2,42,091,2003.08,0.040,0.021,0.55,17
1036,42091203103,97,71,average,2,42,091,2031.03,0.034,0.025,0.49,13
1037,42091208000,33,58,below average,1,42,091,2080,0.009,0.016,0.12,15
1038,42091210200,21,23,below average,1,42,091,2102,0.009,0.009,0.12,14
1039,42101014400,613,292,above average,3,42,101,144,0.171,0.070,0.90,21
1040,42101014500,165,67,above average,3,42,101,145,0.103,0.041,0.83,30
1041,42101014600,94,78,below average,1,42,101,146,0.024,0.018,0.35,21
1042,42101014700,166,156,average,2,42,101,147,0.057,0.053,0.67,18
1043,42101014800,16,19,below average,1,42,101,148,0.017,0.019,0.25,22
1044,42101014900,49,57,below average,1,42,101,149,0.015,0.018,0.22,26
1045,42091208400,33,35,below average,1,42,091,2084,0.010,0.010,0.13,14
1046,42091200506,194,98,average,2,42,091,2005.06,0.046,0.023,0.60,13
1047,42091200309,70,64,average,2,42,091,2003.09,0.027,0.024,0.40,16
1048,42101025200,17,26,below average,1,42,101,252,0.003,0.004,0.03,24
1049,42101025300,120,109,average,2,42,101,253,0.031,0.027,0.45,26
1050,42101025400,19,25,below average,1,42,101,254,0.005,0.006,0.06,23
1051,42101025500,47,34,below average,1,42,101,255,0.018,0.012,0.27,19
1052,42101025600,47,48,below average,1,42,101,256,0.018,0.018,0.27,16
1053,42101028300,180,103,average,2,42,101,283,0.031,0.018,0.45,28
1054,42101028400,461,269,above average,3,42,101,284,0.103,0.059,0.83,29
1055,42101028500,568,218,well above average,4,42,101,285,0.213,0.067,0.93,34
1056,42101028600,1238,361,well above average,4,42,101,286,0.180,0.058,0.91,34
1057,42101028700,607,156,well above average,4,42,101,287,0.263,0.059,0.95,33
1058,42101028800,1505,363,well above average,4,42,101,288,0.377,0.080,0.99,35
1059,42101029000,1638,633,well above average,4,42,101,290,0.257,0.089,0.95,31
1060,42101980400,-99999,-99999,no data,-99999,42,101,9804,-99999.000,-99999.000,-99999.00,0
1061,42101013402,149,82,average,2,42,101,134.02,0.055,0.031,0.66,15
1062,42101013401,101,67,average,2,42,101,134.01,0.046,0.030,0.60,18
1063,42101013601,81,44,average,2,42,101,136.01,0.030,0.016,0.43,14
1064,42101037900,809,312,above average,3,42,101,379,0.157,0.058,0.89,21
1065,42101038200,224,111,average,2,42,101,382,0.094,0.043,0.81,24
1066,42101038000,178,104,average,2,42,101,380,0.084,0.048,0.78,23
1067,42101038100,20,20,average,2,42,101,381,0.028,0.027,0.41,23
1068,42091200505,218,108,average,2,42,091,2005.05,0.030,0.014,0.43,16
1069,42091201406,125,93,average,2,42,091,2014.06,0.029,0.021,0.42,16
1070,42091200902,147,110,above average,3,42,091,2009.02,0.127,0.090,0.86,18
1071,42091207400,12,13,below average,1,42,091,2074,0.005,0.005,0.06,12
1072,42091206202,15,16,below average,1,42,091,2062.02,0.007,0.007,0.09,15
1073,42091200903,245,88,average,2,42,091,2009.03,0.058,0.022,0.68,20
1074,42091210500,133,87,average,2,42,091,2105,0.031,0.020,0.45,19
1075,42091205805,230,101,average,2,42,091,2058.05,0.074,0.032,0.75,20
1076,42101011800,151,164,average,2,42,101,118,0.027,0.029,0.40,26
1077,42101011900,42,51,below average,1,42,101,119,0.010,0.012,0.13,23
1078,42101012000,27,21,below average,1,42,101,120,0.016,0.012,0.23,18
1079,42101012100,59,40,below average,1,42,101,121,0.022,0.015,0.33,27
1080,42101012500,149,107,average,2,42,101,125,0.030,0.021,0.43,18
1081,42101013100,46,41,average,2,42,101,131,0.029,0.026,0.42,21
1082,42101013200,132,76,average,2,42,101,132,0.051,0.028,0.64,27
1083,42101015200,230,233,average,2,42,101,152,0.044,0.044,0.58,29
1084,42101015300,79,73,below average,1,42,101,153,0.019,0.018,0.28,16
1085,42101015600,316,91,above average,3,42,101,156,0.175,0.055,0.91,29
1086,42101019000,1097,369,above average,3,42,101,190,0.145,0.049,0.88,28
1087,42101019100,2688,568,well above average,4,42,101,191,0.331,0.059,0.98,32
1088,42101019200,2306,684,well above average,4,42,101,192,0.289,0.081,0.96,31
1089,42101019700,1280,367,well above average,4,42,101,197,0.208,0.052,0.93,33
1090,42101019800,1286,276,well above average,4,42,101,198,0.202,0.040,0.92,32
1091,42101019900,844,270,well above average,4,42,101,199,0.225,0.060,0.93,30
1092,42101020000,59,49,average,2,42,101,200,0.049,0.039,0.62,24
1093,42101020200,8,21,below average,1,42,101,202,0.002,0.005,0.02,26
1094,42101020300,31,34,below average,1,42,101,203,0.011,0.013,0.15,23
1095,42101020400,38,48,below average,1,42,101,204,0.016,0.020,0.23,26
1096,42101020500,89,79,average,2,42,101,205,0.032,0.029,0.47,25
1097,42101001202,90,53,below average,1,42,101,12.02,0.018,0.011,0.27,11
1098,42101001201,47,45,below average,1,42,101,12.01,0.012,0.011,0.16,15
1099,42101000803,16,25,below average,1,42,101,8.03,0.005,0.007,0.06,15
1100,42101011400,221,201,average,2,42,101,114,0.033,0.030,0.48,27
1101,42101015700,385,170,above average,3,42,101,157,0.156,0.063,0.89,23
1102,42101015800,89,100,below average,1,42,101,158,0.015,0.017,0.22,16
1103,42101016000,192,163,average,2,42,101,160,0.031,0.025,0.45,14
1104,42101016100,942,315,above average,3,42,101,161,0.174,0.053,0.90,23
1105,42101016200,670,216,well above average,4,42,101,162,0.309,0.087,0.97,30
1106,42101016300,1187,263,well above average,4,42,101,163,0.352,0.074,0.98,31
1107,42101016400,943,194,well above average,4,42,101,164,0.231,0.045,0.93,30
1108,42101016500,257,165,above average,3,42,101,165,0.113,0.075,0.84,33
1109,42101016600,55,43,average,2,42,101,166,0.035,0.025,0.50,25
1110,42101016800,53,55,below average,1,42,101,168,0.016,0.017,0.23,23
1111,42101003901,1116,384,well above average,4,42,101,39.01,0.187,0.064,0.91,23
1112,42101016902,41,60,below average,1,42,101,169.02,0.008,0.012,0.10,25
1113,42101016901,59,104,below average,1,42,101,169.01,0.019,0.033,0.28,25
1114,42101020700,150,112,average,2,42,101,207,0.028,0.021,0.41,16
1115,42101020800,172,92,average,2,42,101,208,0.080,0.041,0.78,19
1116,42101020900,6,10,below average,1,42,101,209,0.002,0.004,0.02,13
1117,42101021000,40,36,below average,1,42,101,210,0.008,0.007,0.10,13
1118,42101021100,104,80,average,2,42,101,211,0.044,0.034,0.58,17
1119,42101021200,81,47,average,2,42,101,212,0.035,0.021,0.50,18
1120,42091201501,317,133,average,2,42,091,2015.01,0.091,0.037,0.80,23
1121,42091205806,140,84,average,2,42,091,2058.06,0.068,0.042,0.73,20
1122,42091206004,383,128,average,2,42,091,2060.04,0.062,0.020,0.70,16
1123,42091208703,0,10,well below average,0,42,091,2087.03,0.000,0.006,0.01,15
1124,42091206901,476,179,above average,3,42,091,2069.01,0.105,0.038,0.83,22
1125,34005703804,91,94,below average,1,34,005,7038.04,0.013,0.013,0.18,15
1126,42101013300,130,96,average,2,42,101,133,0.038,0.027,0.53,18
1127,42101013500,105,76,average,2,42,101,135,0.030,0.022,0.43,18
1128,42101013700,47,78,below average,1,42,101,137,0.011,0.018,0.15,21
1129,42101017000,60,91,below average,1,42,101,170,0.021,0.031,0.31,24
1130,42101017100,43,54,below average,1,42,101,171,0.012,0.014,0.16,25
1131,42101017300,22,22,below average,1,42,101,173,0.009,0.009,0.12,24
1132,42101017400,82,48,average,2,42,101,174,0.040,0.023,0.55,29
1133,42101017500,1900,489,well above average,4,42,101,175,0.315,0.073,0.97,32
1134,42101017800,1174,448,well above average,4,42,101,178,0.214,0.073,0.93,30
1135,42101017900,799,438,above average,3,42,101,179,0.120,0.062,0.85,30
1136,42101018300,67,45,below average,1,42,101,183,0.018,0.012,0.27,15
1137,34015501604,101,83,below average,1,34,015,5016.04,0.015,0.012,0.22,20
1138,34015501606,262,168,average,2,34,015,5016.06,0.038,0.024,0.53,18
1139,34021001402,79,54,average,2,34,021,14.02,0.040,0.028,0.55,28
1140,34021001500,281,289,above average,3,34,021,15,0.105,0.101,0.83,30
1141,42101980900,-99999,-99999,no data,-99999,42,101,9809,-99999.000,-99999.000,-99999.00,0
1142,42101002702,105,86,average,2,42,101,27.02,0.026,0.021,0.39,17
1143,42101003002,203,132,average,2,42,101,30.02,0.069,0.044,0.74,23
1144,42101003001,1379,332,well above average,4,42,101,30.01,0.333,0.064,0.98,25
1145,42101002802,1377,458,well above average,4,42,101,28.02,0.246,0.065,0.94,25
1146,42101980700,-99999,-99999,no data,-99999,42,101,9807,-99999.000,-99999.000,-99999.00,0
1147,42101002701,961,470,well above average,4,42,101,27.01,0.248,0.102,0.95,25
1148,42101980600,-99999,-99999,no data,-99999,42,101,9806,-99999.000,-99999.000,-99999.00,0
1149,42101033701,1586,339,well above average,4,42,101,337.01,0.299,0.067,0.96,27
1150,42101033702,1217,350,well above average,4,42,101,337.02,0.241,0.061,0.94,25
1151,42101031502,845,260,well above average,4,42,101,315.02,0.235,0.062,0.94,26
1152,42101031401,2498,462,well above average,4,42,101,314.01,0.374,0.058,0.98,30
1153,42101031402,1936,288,well above average,4,42,101,314.02,0.370,0.048,0.98,30
1154,42091202603,40,42,below average,1,42,091,2026.03,0.013,0.014,0.18,16
1155,42091202201,277,109,average,2,42,091,2022.01,0.061,0.023,0.69,18
1156,42091203803,1031,327,well above average,4,42,091,2038.03,0.196,0.054,0.92,26
1157,42091203804,566,244,well above average,4,42,091,2038.04,0.188,0.066,0.91,30
1158,42091203901,991,346,well above average,4,42,091,2039.01,0.332,0.087,0.98,30
1159,42091210100,171,116,average,2,42,091,2101,0.048,0.032,0.61,18
1160,42091201408,160,91,average,2,42,091,2014.08,0.038,0.022,0.53,15
1161,42091201407,80,44,average,2,42,091,2014.07,0.032,0.018,0.47,19
1162,42091207103,112,75,average,2,42,091,2071.03,0.028,0.019,0.41,15
1163,34015501303,36,51,below average,1,34,015,5013.03,0.015,0.021,0.22,16
1164,34005703900,38,39,below average,1,34,005,7039,0.010,0.010,0.13,14
1165,34005700504,13,16,below average,1,34,005,7005.04,0.005,0.005,0.06,14
1166,34005700505,307,149,average,2,34,005,7005.05,0.052,0.025,0.64,19
1167,34005700501,50,58,below average,1,34,005,7005.01,0.009,0.010,0.12,14
1168,34021003704,146,96,average,2,34,021,37.04,0.057,0.036,0.67,18
1169,34021002602,367,142,average,2,34,021,26.02,0.089,0.033,0.80,23
1170,34021003703,143,65,below average,1,34,021,37.03,0.021,0.009,0.31,15
1171,34021000100,952,334,well above average,4,34,021,1,0.329,0.097,0.98,27
1172,34021001600,265,108,well above average,4,34,021,16,0.238,0.079,0.94,30
1173,34021001700,293,173,average,2,34,021,17,0.084,0.048,0.78,28
1174,34021001800,1298,431,well above average,4,34,021,18,0.282,0.090,0.96,24
1175,34021001900,488,240,well above average,4,34,021,19,0.324,0.125,0.97,30
1176,34021002000,69,56,average,2,34,021,20,0.066,0.052,0.72,25
1177,34015501702,10,10,below average,1,34,015,5017.02,0.004,0.004,0.04,15
1178,34021001000,490,272,well above average,4,34,021,10,0.202,0.104,0.92,34
1179,34021001300,178,80,average,2,34,021,13,0.041,0.018,0.56,18
1180,34021001200,41,51,below average,1,34,021,12,0.010,0.013,0.13,24
1181,34021001401,45,37,below average,1,34,021,14.01,0.012,0.010,0.16,27
1182,34005700900,59,38,average,2,34,005,7009,0.025,0.016,0.37,21
1183,34015501701,104,94,below average,1,34,015,5017.01,0.021,0.019,0.31,12
1184,34021003301,289,158,average,2,34,021,33.01,0.041,0.022,0.56,17
1185,34021002904,205,130,average,2,34,021,29.04,0.040,0.026,0.55,17
1186,34021004307,699,205,above average,3,34,021,43.07,0.128,0.037,0.86,19
1187,34021001102,261,194,average,2,34,021,11.02,0.081,0.057,0.78,28
1188,34021003905,70,48,below average,1,34,021,39.05,0.015,0.010,0.22,16
1189,34015500400,154,100,average,2,34,015,5004,0.027,0.018,0.40,22
1190,34015501302,35,37,below average,1,34,015,5013.02,0.013,0.014,0.18,12
1191,34015501208,79,41,below average,1,34,015,5012.08,0.021,0.011,0.31,14
1192,34015501301,44,34,below average,1,34,015,5013.01,0.013,0.010,0.18,14
1193,34015501603,116,144,below average,1,34,015,5016.03,0.019,0.023,0.28,18
1194,34015501202,66,47,below average,1,34,015,5012.02,0.015,0.011,0.22,14
1195,34015501203,25,35,below average,1,34,015,5012.03,0.008,0.012,0.10,13
1196,34015501205,120,75,average,2,34,015,5012.05,0.045,0.027,0.59,15
1197,34015502100,37,26,below average,1,34,015,5021,0.012,0.008,0.16,15
1198,34007608401,78,63,below average,1,34,007,6084.01,0.021,0.017,0.31,15
1199,34007604600,38,34,below average,1,34,007,6046,0.020,0.018,0.29,15
1200,34007603506,550,199,average,2,34,007,6035.06,0.092,0.032,0.81,20
1201,34007609203,247,139,average,2,34,007,6092.03,0.028,0.016,0.41,21
1202,34007608503,150,103,average,2,34,007,6085.03,0.055,0.038,0.66,25
1203,34007607702,414,227,above average,3,34,007,6077.02,0.116,0.060,0.85,25
1204,34007603303,331,142,above average,3,34,007,6033.03,0.125,0.054,0.86,27
1205,34007603603,84,55,average,2,34,007,6036.03,0.039,0.026,0.54,16
1206,34007608903,11,14,below average,1,34,007,6089.03,0.004,0.004,0.04,13
1207,34007608901,162,178,average,2,34,007,6089.01,0.028,0.030,0.41,17
1208,34007608403,325,180,average,2,34,007,6084.03,0.049,0.027,0.62,17
1209,34007603602,60,45,average,2,34,007,6036.02,0.026,0.019,0.39,16
1210,34007603501,392,136,average,2,34,007,6035.01,0.065,0.022,0.71,20
1211,34007607701,1197,689,well above average,4,34,007,6077.01,0.238,0.125,0.94,28
1212,34007607801,737,471,above average,3,34,007,6078.01,0.135,0.081,0.87,27
1213,34007608206,20,22,below average,1,34,007,6082.06,0.006,0.006,0.07,14
1214,34007609205,217,166,average,2,34,007,6092.05,0.036,0.027,0.51,17
1215,34007600700,313,188,well above average,4,34,007,6007,0.225,0.117,0.93,31
1216,34007609202,74,46,below average,1,34,007,6092.02,0.016,0.010,0.23,20
1217,34007607505,343,109,average,2,34,007,6075.05,0.072,0.022,0.75,19
1218,34007603800,67,54,below average,1,34,007,6038,0.013,0.011,0.18,14
1219,34007603002,751,287,above average,3,34,007,6030.02,0.170,0.057,0.90,26
1220,34007601101,977,344,well above average,4,34,007,6011.01,0.328,0.097,0.97,32
1221,34007601200,1689,715,well above average,4,34,007,6012,0.316,0.117,0.97,32
1222,34007601300,1010,326,well above average,4,34,007,6013,0.251,0.069,0.95,33
1223,34007601000,1869,416,well above average,4,34,007,6010,0.313,0.058,0.97,27
1224,34007601600,214,83,average,2,34,007,6016,0.099,0.036,0.82,29
1225,34007601102,2001,472,well above average,4,34,007,6011.02,0.367,0.080,0.98,31
1226,34007601400,315,157,average,2,34,007,6014,0.075,0.036,0.75,27
1227,34007603301,749,295,above average,3,34,007,6033.01,0.155,0.057,0.89,23
1228,34007603507,582,282,average,2,34,007,6035.07,0.087,0.041,0.79,21
1229,34007603700,284,153,average,2,34,007,6037,0.077,0.040,0.77,20
1230,34007603505,213,109,average,2,34,007,6035.05,0.065,0.032,0.71,19
1231,34007609204,128,89,average,2,34,007,6092.04,0.036,0.025,0.51,28
1232,34007604300,76,55,below average,1,34,007,6043,0.021,0.015,0.31,15
1233,34007603400,510,194,average,2,34,007,6034,0.072,0.027,0.75,20
1234,34007603200,425,224,average,2,34,007,6032,0.067,0.034,0.73,20
1235,34007603302,996,392,above average,3,34,007,6033.02,0.168,0.060,0.90,21
1236,34007607401,59,42,below average,1,34,007,6074.01,0.022,0.015,0.33,18
1237,34007608700,50,36,below average,1,34,007,6087,0.007,0.005,0.09,16
1238,34007608302,286,196,average,2,34,007,6083.02,0.066,0.044,0.72,21
1239,34007600900,953,240,well above average,4,34,007,6009,0.239,0.053,0.94,32
1240,34007600400,223,125,average,2,34,007,6004,0.091,0.050,0.80,29
1241,34007602901,290,136,average,2,34,007,6029.01,0.062,0.029,0.70,21
1242,34007603001,224,96,average,2,34,007,6030.01,0.063,0.026,0.70,18
1243,34007601500,569,247,above average,3,34,007,6015,0.111,0.047,0.84,31
1244,34007602503,429,202,well above average,4,34,007,6025.03,0.185,0.078,0.91,29
1245,34007609000,139,102,average,2,34,007,6090,0.088,0.061,0.80,24
1246,34007602602,376,157,above average,3,34,007,6026.02,0.146,0.053,0.88,27
1247,34007602601,479,150,well above average,4,34,007,6026.01,0.189,0.059,0.92,24
1248,34007603100,324,200,average,2,34,007,6031,0.095,0.057,0.81,21
1249,34007608904,9,13,below average,1,34,007,6089.04,0.007,0.010,0.09,14
1250,34007603601,118,59,average,2,34,007,6036.01,0.033,0.016,0.48,17
1251,34007607402,84,47,average,2,34,007,6074.02,0.033,0.018,0.48,18
1252,34007606100,24,21,below average,1,34,007,6061,0.012,0.010,0.16,15
1253,34007607600,0,12,well below average,0,34,007,6076,0.000,0.016,0.01,13
1254,34007607504,54,53,below average,1,34,007,6075.04,0.016,0.016,0.23,17
1255,34007607506,322,148,above average,3,34,007,6075.06,0.114,0.051,0.84,24
1256,34007608304,426,374,average,2,34,007,6083.04,0.067,0.055,0.73,19
1257,34007610300,94,54,average,2,34,007,6103,0.046,0.028,0.60,23
1258,34007610400,736,361,above average,3,34,007,6104,0.147,0.068,0.88,28
1259,34007610600,104,43,average,2,34,007,6106,0.089,0.033,0.80,21
1260,34007607507,933,244,well above average,4,34,007,6075.07,0.187,0.047,0.91,24
1261,34007608210,284,176,average,2,34,007,6082.10,0.077,0.047,0.77,18
1262,34007608211,393,125,average,2,34,007,6082.11,0.070,0.025,0.74,21
1263,34007608303,31,37,below average,1,34,007,6083.03,0.011,0.013,0.15,16
1264,34007610500,1645,581,well above average,4,34,007,6105,0.251,0.078,0.95,28
1265,34007610900,17,21,below average,1,34,007,6109,0.005,0.007,0.06,16
1266,34007611000,392,248,average,2,34,007,6110,0.067,0.042,0.73,23
1267,34007611100,322,213,above average,3,34,007,6111,0.107,0.069,0.83,24
1268,34007611200,136,54,average,2,34,007,6112,0.031,0.012,0.45,16
1269,34007611300,101,79,below average,1,34,007,6113,0.024,0.018,0.35,17
1270,34007611400,35,53,below average,1,34,007,6114,0.009,0.013,0.12,17
1271,34007611500,123,52,average,2,34,007,6115,0.026,0.011,0.39,16
1272,34007611600,187,121,average,2,34,007,6116,0.053,0.033,0.65,18
1273,34007611700,47,39,below average,1,34,007,6117,0.016,0.014,0.23,17
1274,34005704011,18,21,below average,1,34,005,7040.11,0.006,0.007,0.07,13
1275,34005704004,354,266,average,2,34,005,7040.04,0.097,0.068,0.82,14
1276,34005704005,56,42,below average,1,34,005,7040.05,0.015,0.011,0.22,15
1277,34005701303,199,91,average,2,34,005,7013.03,0.039,0.017,0.54,19
1278,34005701301,80,55,below average,1,34,005,7013.01,0.019,0.013,0.28,18
1279,34005701302,9,14,below average,1,34,005,7013.02,0.003,0.005,0.03,17
1280,34007610800,365,141,above average,3,34,007,6108,0.129,0.046,0.86,28
1281,34007604100,810,154,well above average,4,34,007,6041,0.299,0.055,0.96,30
1282,34007609201,82,74,below average,1,34,007,6092.01,0.020,0.017,0.29,18
1283,34007605200,139,125,average,2,34,007,6052,0.056,0.048,0.67,17
1284,34007603902,76,59,average,2,34,007,6039.02,0.027,0.021,0.40,17
1285,34007608800,350,120,average,2,34,007,6088,0.070,0.024,0.74,21
1286,34007605100,25,25,below average,1,34,007,6051,0.012,0.011,0.16,15
1287,34007608404,20,30,below average,1,34,007,6084.04,0.004,0.005,0.04,18
1288,34007607200,144,118,average,2,34,007,6072,0.033,0.027,0.48,22
1289,34007605900,23,28,below average,1,34,007,6059,0.009,0.011,0.12,14
1290,34005703000,60,45,below average,1,34,005,7030,0.010,0.008,0.13,14
1291,34005702809,37,33,below average,1,34,005,7028.09,0.022,0.021,0.33,21
1292,34005700703,226,124,above average,3,34,005,7007.03,0.114,0.060,0.84,20
1293,34005700200,21,19,below average,1,34,005,7002,0.008,0.007,0.10,16
1294,34005703201,5,9,below average,1,34,005,7032.01,0.001,0.003,0.02,15
1295,34005703202,35,28,below average,1,34,005,7032.02,0.013,0.011,0.18,14
1296,34005703203,35,55,below average,1,34,005,7032.03,0.009,0.015,0.12,19
1297,34005702400,64,43,below average,1,34,005,7024,0.020,0.014,0.29,15
1298,34005702700,297,127,average,2,34,005,7027,0.037,0.016,0.52,18
1299,34005702801,20,20,below average,1,34,005,7028.01,0.010,0.010,0.13,23
1300,34007607000,615,315,above average,3,34,007,6070,0.144,0.072,0.87,19
1301,34007604700,44,31,below average,1,34,007,6047,0.024,0.017,0.35,13
1302,34007608001,245,110,average,2,34,007,6080.01,0.075,0.033,0.75,19
1303,34007604200,78,52,average,2,34,007,6042,0.025,0.017,0.37,19
1304,34007606000,36,25,below average,1,34,007,6060,0.019,0.013,0.28,16
1305,34007606800,496,218,above average,3,34,007,6068,0.136,0.057,0.87,21
1306,34007607502,268,112,average,2,34,007,6075.02,0.048,0.021,0.61,22
1307,34007605602,12,19,below average,1,34,007,6056.02,0.004,0.007,0.04,16
1308,34007605800,68,58,average,2,34,007,6058,0.026,0.022,0.39,17
1309,34007605700,46,48,below average,1,34,007,6057,0.014,0.014,0.20,14
1310,34007603503,195,99,average,2,34,007,6035.03,0.046,0.023,0.60,16
1311,34007607100,191,112,average,2,34,007,6071,0.056,0.032,0.67,16
1312,34005702802,67,52,below average,1,34,005,7028.02,0.020,0.016,0.29,24
1313,34005702803,180,99,average,2,34,005,7028.03,0.050,0.027,0.63,25
1314,34005704013,271,94,average,2,34,005,7040.13,0.054,0.019,0.66,15
1315,34005704014,293,141,average,2,34,005,7040.14,0.039,0.019,0.54,20
1316,34005702207,183,123,average,2,34,005,7022.07,0.062,0.041,0.70,22
1317,34005700603,460,270,average,2,34,005,7006.03,0.081,0.046,0.78,18
1318,34005703102,18,15,below average,1,34,005,7031.02,0.007,0.006,0.09,16
1319,34005702804,81,85,average,2,34,005,7028.04,0.033,0.035,0.48,24
1320,34005702805,92,43,average,2,34,005,7028.05,0.025,0.012,0.37,24
1321,34005702806,178,81,average,2,34,005,7028.06,0.054,0.025,0.66,27
1322,34005702807,318,209,above average,3,34,005,7028.07,0.102,0.062,0.82,25
1323,34005702808,238,168,average,2,34,005,7028.08,0.079,0.054,0.77,24
1324,34005702810,31,36,average,2,34,005,7028.10,0.027,0.028,0.40,24
1325,34007606700,119,110,average,2,34,007,6067,0.027,0.025,0.40,19
1326,34007606600,20,22,below average,1,34,007,6066,0.010,0.011,0.13,12
1327,34007607300,135,60,average,2,34,007,6073,0.033,0.015,0.48,17
1328,34005704200,285,201,average,2,34,005,7042,0.037,0.026,0.52,19
1329,34005704500,248,134,average,2,34,005,7045,0.061,0.032,0.69,19
1330,34005704600,136,85,average,2,34,005,7046,0.057,0.035,0.67,20
1331,34005704801,86,63,average,2,34,005,7048.01,0.028,0.020,0.41,17
1332,34005702209,97,87,average,2,34,005,7022.09,0.031,0.028,0.45,19
1333,34005702915,218,105,average,2,34,005,7029.15,0.052,0.025,0.64,17
1334,34005704802,895,197,above average,3,34,005,7048.02,0.160,0.032,0.89,16
1335,34007606300,19,26,below average,1,34,007,6063,0.009,0.012,0.12,16
1336,34007605400,37,42,below average,1,34,007,6054,0.015,0.018,0.22,17
1337,34007607900,27,21,below average,1,34,007,6079,0.015,0.011,0.22,15
1338,34007606400,8,13,below average,1,34,007,6064,0.003,0.005,0.03,14
1339,34007606500,43,29,below average,1,34,007,6065,0.015,0.010,0.22,24
1340,34007608205,12,14,below average,1,34,007,6082.05,0.003,0.003,0.03,14
1341,34007607503,923,388,above average,3,34,007,6075.03,0.146,0.058,0.88,21
1342,34007608209,125,92,average,2,34,007,6082.09,0.041,0.030,0.56,20
1343,34007608504,208,175,average,2,34,007,6085.04,0.069,0.057,0.74,26
1344,34007604400,70,72,below average,1,34,007,6044,0.021,0.022,0.31,14
1345,34005702811,74,41,average,2,34,005,7028.11,0.031,0.017,0.45,26
1346,34005702210,222,111,average,2,34,005,7022.10,0.051,0.025,0.64,20
1347,34005704302,120,69,below average,1,34,005,7043.02,0.022,0.013,0.33,18
1348,34005702913,146,99,average,2,34,005,7029.13,0.034,0.023,0.49,19
1349,34005702914,40,30,below average,1,34,005,7029.14,0.009,0.007,0.12,16
1350,34005702917,92,52,average,2,34,005,7029.17,0.052,0.029,0.64,17
1351,34005702918,22,19,below average,1,34,005,7029.18,0.014,0.012,0.20,17
1352,34005703103,151,82,average,2,34,005,7031.03,0.034,0.018,0.49,20
1353,34005703104,45,39,below average,1,34,005,7031.04,0.009,0.008,0.12,17
1354,34005702909,320,144,average,2,34,005,7029.09,0.056,0.025,0.67,18
1355,34005701402,141,74,average,2,34,005,7014.02,0.067,0.033,0.73,20
1356,34005701401,217,131,average,2,34,005,7014.01,0.034,0.021,0.49,18
1357,34005702907,50,51,below average,1,34,005,7029.07,0.019,0.020,0.28,18
1358,34005702910,123,84,below average,1,34,005,7029.10,0.023,0.016,0.34,16
1359,34007608202,194,158,average,2,34,007,6082.02,0.054,0.043,0.66,19
1360,34007606200,38,35,below average,1,34,007,6062,0.010,0.009,0.13,16
1361,34005700407,331,168,average,2,34,005,7004.07,0.071,0.036,0.74,22
1362,34005700408,136,97,average,2,34,005,7004.08,0.076,0.051,0.76,20
1363,34005981802,44,36,average,2,34,005,9818.02,0.027,0.021,0.40,14
1364,34005982111,10,10,below average,1,34,005,9821.11,0.009,0.009,0.12,15
1365,34005704700,75,48,below average,1,34,005,7047,0.021,0.013,0.31,15
1366,34007601900,279,144,average,2,34,007,6019,0.101,0.056,0.82,31
1367,34007601700,198,116,average,2,34,007,6017,0.070,0.039,0.74,31
1368,34007603504,243,70,average,2,34,007,6035.04,0.097,0.028,0.82,21
1369,34007602000,777,344,above average,3,34,007,6020,0.133,0.055,0.87,31
1370,34007609103,117,80,below average,1,34,007,6091.03,0.024,0.016,0.35,18
1371,34007605300,167,93,average,2,34,007,6053,0.088,0.048,0.80,16
1372,34007600800,1068,231,well above average,4,34,007,6008,0.240,0.052,0.94,33
1373,34007600200,147,59,average,2,34,007,6002,0.088,0.036,0.80,29
1374,34007608600,352,233,average,2,34,007,6086,0.076,0.050,0.76,19
1375,34007602902,215,108,average,2,34,007,6029.02,0.076,0.035,0.76,22
1376,34007608402,89,81,below average,1,34,007,6084.02,0.024,0.022,0.35,16
1377,34007601800,144,126,above average,3,34,007,6018,0.124,0.098,0.85,29
1378,34007603901,76,80,below average,1,34,007,6039.01,0.016,0.017,0.23,15
1379,34007607802,18,18,below average,1,34,007,6078.02,0.009,0.009,0.12,19
