OBJECTID,GEOID10,EM_CntEst,EM_CntMOE,EM_Class,EM_Score,STATEFP10,COUNTYFP10,NAME10,EM_PctEst,EM_PctMOE,EM_Pctile,IPD_Score
1,42045403502,91,146,average,2,42,045,4035.02,0.030,0.048,0.330,21
2,42045403701,72,61,average,2,42,045,4037.01,0.041,0.034,0.450,16
3,42045403702,10,16,below average,1,42,045,4037.02,0.004,0.007,0.040,16
4,42045403104,90,80,average,2,42,045,4031.04,0.035,0.031,0.390,22
5,42045403300,75,80,below average,1,42,045,4033,0.011,0.012,0.110,21
6,42045406100,38,37,below average,1,42,045,4061,0.017,0.016,0.170,17
7,42045403902,24,22,below average,1,42,045,4039.02,0.007,0.006,0.060,13
8,42045980000,-99999,-99999,no data,-99999,42,045,9800,-99999.000,-99999.000,-99999.000,0
9,42045410500,502,486,average,2,42,045,4105,0.096,0.093,0.760,30
10,42045410700,571,202,average,2,42,045,4107,0.102,0.036,0.780,24
11,42045410800,91,86,below average,1,42,045,4108,0.011,0.011,0.110,16
12,42045409702,84,50,average,2,42,045,4097.02,0.042,0.025,0.460,9
13,42045403601,38,49,below average,1,42,045,4036.01,0.009,0.012,0.080,15
14,42045406402,7,26,below average,1,42,045,4064.02,0.006,0.021,0.050,25
15,42045403800,138,144,below average,1,42,045,4038,0.021,0.022,0.230,17
16,42045403602,26,31,below average,1,42,045,4036.02,0.014,0.016,0.140,15
17,42045402100,86,63,below average,1,42,045,4021,0.015,0.011,0.150,23
18,42045403501,145,122,average,2,42,045,4035.01,0.035,0.029,0.390,16
19,42045408900,0,10,well below average,0,42,045,4089,0.000,0.003,0.010,16
20,42045408800,112,84,below average,1,42,045,4088,0.023,0.017,0.250,13
21,42045408300,126,51,average,2,42,045,4083,0.028,0.011,0.310,15
22,42045409200,74,79,below average,1,42,045,4092,0.018,0.019,0.180,15
23,42045409803,269,206,average,2,42,045,4098.03,0.039,0.030,0.430,16
24,42045407802,31,28,below average,1,42,045,4078.02,0.005,0.004,0.040,14
25,42045408700,134,99,average,2,42,045,4087,0.027,0.020,0.300,14
26,42045401104,146,133,average,2,42,045,4011.04,0.036,0.033,0.400,18
27,42045400600,219,180,average,2,42,045,4006,0.047,0.038,0.510,19
28,42045401600,6,10,below average,1,42,045,4016,0.004,0.006,0.040,19
29,42045401301,167,118,average,2,42,045,4013.01,0.067,0.047,0.640,22
30,42045401302,86,79,average,2,42,045,4013.02,0.032,0.029,0.350,18
31,42045407804,27,41,below average,1,42,045,4078.04,0.006,0.009,0.050,14
32,42045409500,52,56,below average,1,42,045,4095,0.011,0.012,0.110,16
33,42045410000,0,10,well below average,0,42,045,4100,0.000,0.002,0.010,16
34,42045402300,120,96,average,2,42,045,4023,0.035,0.028,0.390,23
35,42045403002,9,14,below average,1,42,045,4030.02,0.003,0.005,0.030,15
36,42045402500,193,116,average,2,42,045,4025,0.061,0.037,0.600,28
37,42045403103,70,75,average,2,42,045,4031.03,0.029,0.031,0.320,21
38,42045403101,145,119,average,2,42,045,4031.01,0.038,0.031,0.420,17
39,42045402800,0,14,well below average,0,42,045,4028,0.000,0.002,0.010,18
40,42045410400,77,66,below average,1,42,045,4104,0.008,0.007,0.070,15
41,42045406803,200,232,average,2,42,045,4068.03,0.025,0.029,0.270,17
42,42045402200,58,46,average,2,42,045,4022,0.025,0.020,0.270,27
43,42045406801,43,46,below average,1,42,045,4068.01,0.010,0.011,0.100,17
44,42045407501,28,35,below average,1,42,045,4075.01,0.012,0.015,0.120,15
45,42045404500,1217,493,above average,3,42,045,4045,0.219,0.089,0.900,28
46,42045408101,56,56,below average,1,42,045,4081.01,0.010,0.010,0.100,18
47,42045409601,72,53,below average,1,42,045,4096.01,0.015,0.011,0.150,22
48,42045408400,6,9,below average,1,42,045,4084,0.003,0.005,0.030,16
49,42045407700,24,25,below average,1,42,045,4077,0.009,0.009,0.080,20
50,42045409904,35,32,below average,1,42,045,4099.04,0.010,0.009,0.100,14
51,42045407404,73,53,below average,1,42,045,4074.04,0.024,0.018,0.260,17
52,42045406401,146,102,average,2,42,045,4064.01,0.051,0.036,0.530,26
53,42045406201,9,14,below average,1,42,045,4062.01,0.003,0.004,0.030,15
54,42045404103,43,39,below average,1,42,045,4041.03,0.012,0.011,0.120,14
55,42045407502,79,41,average,2,42,045,4075.02,0.027,0.014,0.300,17
56,42045407101,135,99,average,2,42,045,4071.01,0.033,0.024,0.360,17
57,42045408500,65,53,below average,1,42,045,4085,0.015,0.013,0.150,15
58,42045404400,88,92,average,2,42,045,4044,0.053,0.056,0.550,22
59,42045401800,216,155,average,2,42,045,4018,0.051,0.037,0.530,19
60,42045401900,173,125,average,2,42,045,4019,0.041,0.029,0.450,22
61,42045400301,478,251,average,2,42,045,4003.01,0.082,0.043,0.720,29
62,42045401402,377,228,average,2,42,045,4014.02,0.095,0.057,0.760,20
63,42045407201,275,213,average,2,42,045,4072.01,0.056,0.043,0.570,15
64,42045406903,0,14,well below average,0,42,045,4069.03,0.000,0.003,0.010,12
65,42045408102,65,65,below average,1,42,045,4081.02,0.018,0.018,0.180,14
66,42045400402,159,184,average,2,42,045,4004.02,0.035,0.040,0.390,27
67,42045409400,3,5,below average,1,42,045,4094,0.001,0.002,0.020,15
68,42045407401,91,61,below average,1,42,045,4074.01,0.024,0.016,0.260,19
69,42045407102,116,106,average,2,42,045,4071.02,0.034,0.031,0.370,13
70,42045409000,15,24,below average,1,42,045,4090,0.004,0.007,0.040,15
71,42045410200,134,93,average,2,42,045,4102,0.036,0.025,0.400,15
72,42045401103,47,37,below average,1,42,045,4011.03,0.014,0.011,0.140,15
73,42045406500,108,95,average,2,42,045,4065,0.065,0.057,0.630,20
74,42045402900,235,244,average,2,42,045,4029,0.068,0.070,0.650,28
75,42045410100,115,64,below average,1,42,045,4101,0.015,0.008,0.150,13
76,42045404800,365,137,above average,3,42,045,4048,0.182,0.068,0.880,26
77,42045405100,310,199,average,2,42,045,4051,0.138,0.088,0.840,26
78,42045404900,149,90,average,2,42,045,4049,0.118,0.071,0.810,28
79,42045406202,16,26,below average,1,42,045,4062.02,0.003,0.005,0.030,15
80,42045403001,16,27,below average,1,42,045,4030.01,0.005,0.008,0.040,14
81,42045401502,104,104,average,2,42,045,4015.02,0.025,0.025,0.270,19
82,42045400500,445,337,average,2,42,045,4005,0.100,0.076,0.770,27
83,42045404003,28,29,below average,1,42,045,4040.03,0.012,0.012,0.120,17
84,42045407902,78,70,average,2,42,045,4079.02,0.028,0.025,0.310,15
85,42045407903,66,52,below average,1,42,045,4079.03,0.018,0.014,0.180,16
86,42045406904,52,37,below average,1,42,045,4069.04,0.009,0.006,0.080,15
87,42045407805,17,16,below average,1,42,045,4078.05,0.010,0.009,0.100,17
88,42045407600,239,117,average,2,42,045,4076,0.038,0.019,0.420,15
89,42045408002,0,10,well below average,0,42,045,4080.02,0.000,0.003,0.010,17
90,42045408103,54,59,below average,1,42,045,4081.03,0.013,0.014,0.130,18
91,42045406700,25,39,below average,1,42,045,4067,0.007,0.011,0.060,17
92,42045408600,90,83,average,2,42,045,4086,0.026,0.024,0.280,16
93,42045403200,31,59,below average,1,42,045,4032,0.007,0.014,0.060,17
94,42045402400,163,168,average,2,42,045,4024,0.046,0.047,0.500,29
95,42045401501,79,80,below average,1,42,045,4015.01,0.022,0.022,0.240,14
96,42045402000,22,21,below average,1,42,045,4020,0.010,0.010,0.100,21
97,42045401200,62,64,below average,1,42,045,4012,0.017,0.017,0.170,15
98,42045404101,264,221,average,2,42,045,4041.01,0.043,0.036,0.470,15
99,42045407202,38,26,below average,1,42,045,4072.02,0.011,0.008,0.110,16
100,42045405300,531,252,above average,3,42,045,4053,0.210,0.100,0.890,27
101,42045407801,42,46,below average,1,42,045,4078.01,0.010,0.011,0.100,15
102,42045405000,99,82,average,2,42,045,4050,0.055,0.045,0.570,30
103,42045407901,48,34,below average,1,42,045,4079.01,0.012,0.009,0.120,15
104,42045401401,63,61,average,2,42,045,4014.01,0.031,0.030,0.340,19
105,42045400401,408,225,average,2,42,045,4004.01,0.082,0.045,0.720,30
106,42045402600,242,267,average,2,42,045,4026,0.061,0.068,0.600,28
107,42045401700,112,83,average,2,42,045,4017,0.042,0.031,0.460,24
108,42045409802,346,167,average,2,42,045,4098.02,0.054,0.026,0.560,16
109,42045406802,69,63,below average,1,42,045,4068.02,0.015,0.014,0.150,16
110,42045409602,322,147,average,2,42,045,4096.02,0.074,0.034,0.690,15
111,42045400801,79,65,average,2,42,045,4008.01,0.036,0.029,0.400,27
112,42045403901,28,29,below average,1,42,045,4039.01,0.008,0.009,0.070,17
113,42045409300,23,36,below average,1,42,045,4093,0.009,0.014,0.080,14
114,42045405200,227,161,average,2,42,045,4052,0.070,0.050,0.660,28
115,42045407803,82,95,below average,1,42,045,4078.03,0.016,0.018,0.160,13
116,42045404300,11,16,below average,1,42,045,4043,0.004,0.006,0.040,19
117,42045400700,684,579,average,2,42,045,4007,0.114,0.096,0.800,25
118,42045400802,204,155,average,2,42,045,4008.02,0.054,0.041,0.560,19
119,42045405400,72,47,average,2,42,045,4054,0.035,0.023,0.390,26
120,42045400900,63,61,average,2,42,045,4009,0.040,0.039,0.440,18
121,42045401101,278,207,average,2,42,045,4011.01,0.089,0.066,0.740,18
122,42045401000,18,19,below average,1,42,045,4010,0.009,0.010,0.080,13
123,42045403401,227,147,average,2,42,045,4034.01,0.083,0.054,0.720,18
124,42045404700,223,84,average,2,42,045,4047,0.057,0.021,0.580,20
125,42045409100,89,75,below average,1,42,045,4091,0.021,0.017,0.230,14
126,42045402700,67,63,average,2,42,045,4027,0.026,0.025,0.280,25
127,42045409701,167,73,below average,1,42,045,4097.01,0.023,0.010,0.250,14
128,42045400302,206,147,average,2,42,045,4003.02,0.055,0.039,0.570,26
129,42045403402,243,211,average,2,42,045,4034.02,0.063,0.054,0.620,20
130,42045406902,42,76,below average,1,42,045,4069.02,0.007,0.013,0.060,14
131,42045407806,113,130,average,2,42,045,4078.06,0.070,0.080,0.660,18
132,42045409902,73,78,below average,1,42,045,4099.02,0.015,0.016,0.150,18
133,42017101803,380,320,average,2,42,017,1018.03,0.046,0.039,0.500,19
134,42017104703,72,56,average,2,42,017,1047.03,0.031,0.024,0.340,16
135,42017100209,611,280,average,2,42,017,1002.09,0.069,0.032,0.660,19
136,42017100408,291,203,average,2,42,017,1004.08,0.045,0.031,0.490,14
137,42017105801,307,194,average,2,42,017,1058.01,0.050,0.032,0.530,17
138,42017105808,69,65,below average,1,42,017,1058.08,0.020,0.019,0.210,14
139,42017105008,10,15,below average,1,42,017,1050.08,0.003,0.004,0.030,15
140,42017101403,59,49,below average,1,42,017,1014.03,0.011,0.009,0.110,17
141,42017100406,105,68,average,2,42,017,1004.06,0.029,0.019,0.320,18
142,42017104604,97,89,below average,1,42,017,1046.04,0.017,0.016,0.170,16
143,42017104601,90,66,below average,1,42,017,1046.01,0.020,0.015,0.210,14
144,42017100900,87,97,below average,1,42,017,1009,0.011,0.012,0.110,13
145,42045410301,188,124,below average,1,42,045,4103.01,0.023,0.015,0.250,11
146,42045409903,130,118,average,2,42,045,4099.03,0.032,0.029,0.350,17
147,42045404102,351,178,average,2,42,045,4041.02,0.067,0.034,0.640,20
148,42045404600,204,105,average,2,42,045,4046,0.096,0.049,0.760,24
149,42045406300,396,321,average,2,42,045,4063,0.122,0.099,0.810,20
150,42045410302,102,107,below average,1,42,045,4103.02,0.011,0.011,0.110,18
151,42045407000,58,44,below average,1,42,045,4070,0.022,0.017,0.240,14
152,42045406600,31,44,below average,1,42,045,4066,0.013,0.018,0.130,18
153,42045410601,178,147,average,2,42,045,4106.01,0.051,0.042,0.530,15
154,42045410602,184,108,average,2,42,045,4106.02,0.038,0.022,0.420,16
155,42045404004,118,128,below average,1,42,045,4040.04,0.019,0.021,0.200,14
156,42045408001,239,256,average,2,42,045,4080.01,0.037,0.040,0.410,18
157,42017100105,248,259,average,2,42,017,1001.05,0.076,0.079,0.700,17
158,42017100212,342,245,average,2,42,017,1002.12,0.088,0.063,0.740,17
159,42017105004,41,38,below average,1,42,017,1050.04,0.007,0.007,0.060,16
160,42017103103,319,162,average,2,42,017,1031.03,0.071,0.036,0.670,20
161,42017105010,78,53,below average,1,42,017,1050.10,0.020,0.014,0.210,16
162,42017101609,36,42,below average,1,42,017,1016.09,0.008,0.010,0.070,15
163,42017104902,208,140,average,2,42,017,1049.02,0.029,0.020,0.320,17
164,42017105506,42,39,below average,1,42,017,1055.06,0.010,0.010,0.100,15
165,42017102300,185,173,average,2,42,017,1023,0.032,0.030,0.350,14
166,42017102401,52,66,below average,1,42,017,1024.01,0.013,0.017,0.130,12
167,42017102402,120,134,average,2,42,017,1024.02,0.026,0.029,0.280,16
168,42017105510,142,90,average,2,42,017,1055.10,0.029,0.018,0.320,18
169,42017105511,88,83,below average,1,42,017,1055.11,0.021,0.020,0.230,16
170,42017101802,45,52,below average,1,42,017,1018.02,0.007,0.008,0.060,13
171,42017102104,208,174,average,2,42,017,1021.04,0.038,0.031,0.420,16
172,42017100808,351,213,average,2,42,017,1008.08,0.069,0.042,0.660,13
173,42017100805,56,94,below average,1,42,017,1008.05,0.009,0.015,0.080,14
174,42017101611,203,151,average,2,42,017,1016.11,0.029,0.022,0.320,19
175,42017105810,83,58,average,2,42,017,1058.10,0.036,0.025,0.400,19
176,42017102700,96,75,below average,1,42,017,1027,0.018,0.014,0.180,18
177,42017101603,169,131,average,2,42,017,1016.03,0.048,0.037,0.520,18
178,42017100807,281,160,average,2,42,017,1008.07,0.067,0.038,0.640,20
179,42017105600,78,53,average,2,42,017,1056,0.033,0.022,0.360,15
180,42017100804,239,189,average,2,42,017,1008.04,0.061,0.048,0.600,17
181,42017102004,39,38,below average,1,42,017,1020.04,0.009,0.008,0.080,16
182,42017104400,47,44,below average,1,42,017,1044,0.020,0.018,0.210,11
183,42017101900,126,119,average,2,42,017,1019,0.031,0.029,0.340,14
184,42017105300,0,10,well below average,0,42,017,1053,0.000,0.005,0.010,12
185,42017105202,51,38,below average,1,42,017,1052.02,0.010,0.007,0.100,18
186,42017101100,232,121,average,2,42,017,1011,0.082,0.043,0.720,19
187,42017105006,78,74,below average,1,42,017,1050.06,0.014,0.013,0.140,14
188,42017101505,23,35,below average,1,42,017,1015.05,0.007,0.011,0.060,18
189,42017101503,160,222,average,2,42,017,1015.03,0.043,0.060,0.470,16
190,42017102102,0,10,well below average,0,42,017,1021.02,0.000,0.003,0.010,12
191,42017103102,223,153,average,2,42,017,1031.02,0.114,0.078,0.800,17
192,42017101506,0,14,well below average,0,42,017,1015.06,0.000,0.003,0.010,12
193,42017101807,746,330,above average,3,42,017,1018.07,0.177,0.078,0.870,18
194,42017101805,17,16,below average,1,42,017,1018.05,0.008,0.007,0.070,12
195,42017106402,265,158,average,2,42,017,1064.02,0.035,0.021,0.390,14
196,42017100304,183,131,average,2,42,017,1003.04,0.080,0.058,0.710,23
197,42017103800,21,22,below average,1,42,017,1038,0.017,0.018,0.170,15
198,42017105003,118,125,below average,1,42,017,1050.03,0.024,0.026,0.260,15
199,42017105011,156,119,average,2,42,017,1050.11,0.043,0.033,0.470,16
200,42017100811,106,83,below average,1,42,017,1008.11,0.023,0.018,0.250,21
201,42017980000,-99999,-99999,no data,-99999,42,017,9800,-99999.000,-99999.000,-99999.000,0
202,42017104100,384,202,above average,3,42,017,1041,0.181,0.095,0.880,16
203,42017105400,168,120,below average,1,42,017,1054,0.020,0.014,0.210,15
204,42017101405,300,180,average,2,42,017,1014.05,0.045,0.027,0.490,17
205,42017100102,118,72,average,2,42,017,1001.02,0.040,0.024,0.440,20
206,42017100207,204,137,average,2,42,017,1002.07,0.048,0.032,0.520,30
207,42017105012,107,80,average,2,42,017,1050.12,0.036,0.027,0.400,13
208,42017104304,0,10,well below average,0,42,017,1043.04,0.000,0.008,0.010,14
209,42017102801,0,10,well below average,0,42,017,1028.01,0.000,0.003,0.010,12
210,42017105203,44,32,below average,1,42,017,1052.03,0.021,0.016,0.230,15
211,42017103101,114,86,average,2,42,017,1031.01,0.048,0.036,0.520,14
212,42017104203,322,215,average,2,42,017,1042.03,0.059,0.040,0.590,16
213,42017104201,163,164,average,2,42,017,1042.01,0.055,0.055,0.570,13
214,42017104204,194,239,average,2,42,017,1042.04,0.041,0.050,0.450,13
215,42017105509,161,137,average,2,42,017,1055.09,0.035,0.030,0.390,15
216,42017105508,245,188,average,2,42,017,1055.08,0.070,0.054,0.660,16
217,42017101610,129,158,average,2,42,017,1016.10,0.027,0.033,0.300,16
218,42017101504,108,101,average,2,42,017,1015.04,0.039,0.036,0.430,20
219,42017103300,19,19,below average,1,42,017,1033,0.009,0.009,0.080,13
220,42017105809,287,265,average,2,42,017,1058.09,0.066,0.061,0.640,16
221,42017100403,251,171,average,2,42,017,1004.03,0.108,0.074,0.790,21
222,42017100206,360,215,average,2,42,017,1002.06,0.070,0.042,0.660,19
223,42017101404,65,54,average,2,42,017,1014.04,0.028,0.023,0.310,17
224,42017105812,72,57,average,2,42,017,1058.12,0.043,0.034,0.470,16
225,42017105013,92,92,below average,1,42,017,1050.13,0.016,0.016,0.160,16
226,42017101808,12,19,below average,1,42,017,1018.08,0.005,0.007,0.040,18
227,42017106401,275,243,average,2,42,017,1064.01,0.035,0.031,0.390,16
228,42017105208,146,118,average,2,42,017,1052.08,0.058,0.047,0.580,17
229,42017105207,264,152,average,2,42,017,1052.07,0.053,0.031,0.550,16
230,42017106000,126,92,average,2,42,017,1060,0.030,0.022,0.330,17
231,42017106100,37,43,below average,1,42,017,1061,0.012,0.014,0.120,16
232,42017106200,347,316,average,2,42,017,1062,0.052,0.047,0.540,21
233,42017100500,174,115,average,2,42,017,1005,0.065,0.043,0.630,17
234,42017100303,998,338,above average,3,42,017,1003.03,0.198,0.067,0.890,21
235,42017100809,301,258,average,2,42,017,1008.09,0.056,0.048,0.570,13
236,42017104303,65,69,below average,1,42,017,1043.03,0.014,0.015,0.140,15
237,42017104506,47,41,below average,1,42,017,1045.06,0.020,0.018,0.210,13
238,42017104503,140,84,average,2,42,017,1045.03,0.033,0.020,0.360,14
239,42017104505,92,73,below average,1,42,017,1045.05,0.016,0.013,0.160,13
240,42017104301,206,171,average,2,42,017,1043.01,0.079,0.065,0.700,17
241,42017103400,77,70,below average,1,42,017,1034,0.015,0.014,0.150,13
242,42017100208,1334,435,above average,3,42,017,1002.08,0.227,0.074,0.900,25
243,42017100210,404,148,average,2,42,017,1002.10,0.055,0.020,0.570,19
244,42017100402,614,195,average,2,42,017,1004.02,0.083,0.026,0.720,17
245,42017105704,613,282,average,2,42,017,1057.04,0.092,0.042,0.750,20
246,42017101607,196,197,average,2,42,017,1016.07,0.063,0.063,0.620,19
247,42017101605,1330,496,well above average,4,42,017,1016.05,0.315,0.117,0.930,25
248,42017104000,240,200,average,2,42,017,1040,0.034,0.029,0.370,15
249,42017105206,127,121,average,2,42,017,1052.06,0.026,0.025,0.280,15
250,42017100700,545,167,above average,3,42,017,1007,0.166,0.051,0.870,24
251,42017103900,64,40,below average,1,42,017,1039,0.016,0.010,0.160,12
252,42017100407,21,28,below average,1,42,017,1004.07,0.020,0.026,0.210,16
253,42017104502,103,102,below average,1,42,017,1045.02,0.013,0.013,0.130,16
254,42017102003,102,73,average,2,42,017,1020.03,0.026,0.019,0.280,15
255,42017100600,824,288,above average,3,42,017,1006,0.226,0.079,0.900,22
256,42017105811,99,148,below average,1,42,017,1058.11,0.017,0.025,0.170,15
257,42017105100,30,32,below average,1,42,017,1051,0.010,0.010,0.100,14
258,42017105505,73,83,below average,1,42,017,1055.05,0.018,0.021,0.180,12
259,42017105807,169,134,average,2,42,017,1058.07,0.045,0.035,0.490,20
260,42017104702,157,163,average,2,42,017,1047.02,0.059,0.062,0.590,16
261,42017104901,17,25,below average,1,42,017,1049.01,0.002,0.003,0.020,14
262,42017101401,86,77,below average,1,42,017,1014.01,0.020,0.018,0.210,15
263,42017100103,161,108,average,2,42,017,1001.03,0.067,0.045,0.640,16
264,42017102002,45,29,below average,1,42,017,1020.02,0.017,0.011,0.170,15
265,42017105507,281,187,average,2,42,017,1055.07,0.038,0.025,0.420,14
266,42017105805,479,363,average,2,42,017,1058.05,0.086,0.065,0.730,16
267,42017104701,168,103,average,2,42,017,1047.01,0.050,0.031,0.530,21
268,42017100302,363,287,average,2,42,017,1003.02,0.075,0.060,0.690,15
269,42017106300,749,518,average,2,42,017,1063,0.104,0.072,0.780,13
270,42017106500,389,209,average,2,42,017,1065,0.057,0.031,0.580,15
271,42017106600,65,56,average,2,42,017,1066,0.034,0.029,0.370,13
272,42017100201,173,143,average,2,42,017,1002.01,0.038,0.032,0.420,20
273,42017104800,130,61,average,2,42,017,1048,0.043,0.020,0.470,14
274,42017100104,666,299,average,2,42,017,1001.04,0.146,0.065,0.850,25
275,42017102600,153,143,average,2,42,017,1026,0.069,0.065,0.660,20
276,42017100211,320,337,average,2,42,017,1002.11,0.044,0.046,0.480,18
277,42017105900,44,25,below average,1,42,017,1059,0.024,0.014,0.260,16
278,42017102500,55,49,below average,1,42,017,1025,0.013,0.012,0.130,13
279,42017100307,799,364,above average,3,42,017,1003.07,0.157,0.071,0.860,19
280,42017100401,880,273,average,2,42,017,1004.01,0.142,0.044,0.840,17
281,42017100306,216,139,average,2,42,017,1003.06,0.063,0.040,0.620,22
282,42017105009,58,48,below average,1,42,017,1050.09,0.017,0.014,0.170,20
283,42017104603,226,156,average,2,42,017,1046.03,0.030,0.021,0.330,13
284,42017103700,17,14,below average,1,42,017,1037,0.005,0.004,0.040,11
285,42017100803,587,348,average,2,42,017,1008.03,0.121,0.072,0.810,20
286,42017105702,105,74,average,2,42,017,1057.02,0.039,0.027,0.430,17
287,42017100404,429,134,average,2,42,017,1004.04,0.068,0.021,0.650,18
288,42029302803,13,16,below average,1,42,029,3028.03,0.007,0.008,0.060,16
289,42029304000,265,204,average,2,42,029,3040,0.054,0.042,0.560,19
290,42029302804,0,10,well below average,0,42,029,3028.04,0.000,0.002,0.010,14
291,42029301300,179,142,average,2,42,029,3013,0.027,0.021,0.300,14
292,42029300202,138,115,average,2,42,029,3002.02,0.025,0.021,0.270,18
293,42029303000,41,33,below average,1,42,029,3030,0.013,0.010,0.130,15
294,42029301700,40,37,below average,1,42,029,3017,0.022,0.021,0.240,13
295,42029302101,179,164,average,2,42,029,3021.01,0.028,0.025,0.310,18
296,42029302102,80,53,below average,1,42,029,3021.02,0.018,0.012,0.180,15
297,42029306800,91,81,average,2,42,029,3068,0.054,0.048,0.560,15
298,42029301000,297,299,average,2,42,029,3010,0.041,0.041,0.450,17
299,42029307200,170,94,average,2,42,029,3072,0.124,0.068,0.820,16
300,42029300400,111,79,average,2,42,029,3004,0.033,0.024,0.360,18
301,42029304900,117,141,below average,1,42,029,3049,0.015,0.017,0.150,17
302,42029302802,0,10,well below average,0,42,029,3028.02,0.000,0.002,0.010,15
303,42029305000,10,11,below average,1,42,029,3050,0.006,0.006,0.050,15
304,42029311401,445,121,average,2,42,029,3114.01,0.061,0.016,0.600,17
305,42029304501,277,172,average,2,42,029,3045.01,0.033,0.020,0.360,19
306,42029308102,436,138,average,2,42,029,3081.02,0.101,0.032,0.780,16
307,42029303901,66,51,below average,1,42,029,3039.01,0.014,0.011,0.140,12
308,42029311000,205,176,average,2,42,029,3110,0.030,0.025,0.330,14
309,42029311300,246,100,average,2,42,029,3113,0.051,0.021,0.530,15
310,42029311200,134,86,average,2,42,029,3112,0.063,0.040,0.620,15
311,42029311100,11,16,below average,1,42,029,3111,0.003,0.004,0.030,18
312,42029311700,3320,783,well above average,4,42,029,3117,0.340,0.080,0.940,22
313,42029311500,66,49,below average,1,42,029,3115,0.021,0.015,0.230,14
314,42029311800,220,117,average,2,42,029,3118,0.057,0.030,0.580,16
315,42029311600,303,115,average,2,42,029,3116,0.145,0.055,0.850,20
316,42029304101,383,318,average,2,42,029,3041.01,0.088,0.073,0.740,18
317,42029304102,404,231,average,2,42,029,3041.02,0.113,0.064,0.800,19
318,42029306000,371,297,average,2,42,029,3060,0.049,0.039,0.520,14
319,42029304300,246,243,average,2,42,029,3043,0.031,0.031,0.340,17
320,42029302805,244,154,average,2,42,029,3028.05,0.034,0.021,0.370,14
321,42029300104,117,79,below average,1,42,029,3001.04,0.023,0.016,0.250,14
322,42029300101,66,52,below average,1,42,029,3001.01,0.021,0.017,0.230,14
323,42029300103,76,73,average,2,42,029,3001.03,0.028,0.027,0.310,21
324,42029300109,190,163,average,2,42,029,3001.09,0.054,0.046,0.560,18
325,42029300106,98,73,below average,1,42,029,3001.06,0.021,0.016,0.230,19
326,42029307800,60,49,below average,1,42,029,3078,0.022,0.018,0.240,17
327,42029304403,71,88,below average,1,42,029,3044.03,0.018,0.022,0.180,15
328,42029301600,18,20,below average,1,42,029,3016,0.007,0.008,0.060,14
329,42029303802,142,103,below average,1,42,029,3038.02,0.016,0.012,0.160,15
330,42029303801,96,118,below average,1,42,029,3038.01,0.024,0.030,0.260,13
331,42029304404,104,117,below average,1,42,029,3044.04,0.020,0.023,0.210,15
332,42029302300,57,38,below average,1,42,029,3023,0.019,0.013,0.200,16
333,42029302400,858,303,above average,3,42,029,3024,0.219,0.077,0.900,18
334,42029302500,104,82,below average,1,42,029,3025,0.023,0.018,0.250,10
335,42029302600,689,168,average,2,42,029,3026,0.141,0.034,0.840,20
336,42029310400,226,111,average,2,42,029,3104,0.070,0.034,0.660,16
337,42029307700,167,114,average,2,42,029,3077,0.064,0.044,0.630,16
338,42029302702,445,287,average,2,42,029,3027.02,0.089,0.057,0.740,17
339,42029308200,216,132,average,2,42,029,3082,0.080,0.049,0.710,16
340,42029301900,41,42,below average,1,42,029,3019,0.010,0.010,0.100,13
341,42029302901,107,112,below average,1,42,029,3029.01,0.023,0.024,0.250,13
342,42029306600,71,41,below average,1,42,029,3066,0.022,0.013,0.240,13
343,42029307100,107,105,average,2,42,029,3071,0.047,0.046,0.510,14
344,42029307900,810,252,above average,3,42,029,3079,0.161,0.050,0.860,19
345,42029303401,2237,272,well above average,4,42,029,3034.01,0.529,0.064,0.970,25
346,42029307000,550,186,average,2,42,029,3070,0.101,0.034,0.780,20
347,42029306900,419,259,average,2,42,029,3069,0.071,0.044,0.670,14
348,42029308000,1402,268,above average,3,42,029,3080,0.269,0.051,0.920,24
349,42029301402,65,47,below average,1,42,029,3014.02,0.012,0.009,0.120,14
350,42029301401,128,100,average,2,42,029,3014.01,0.048,0.037,0.520,16
351,42029307400,194,176,average,2,42,029,3074,0.053,0.048,0.550,17
352,42029300800,326,191,average,2,42,029,3008,0.076,0.045,0.700,16
353,42029300600,252,159,average,2,42,029,3006,0.048,0.031,0.520,18
354,42029301500,36,34,below average,1,42,029,3015,0.014,0.013,0.140,14
355,42029300700,981,557,above average,3,42,029,3007,0.194,0.110,0.890,20
356,42029300900,203,177,average,2,42,029,3009,0.088,0.077,0.740,17
357,42029300201,186,190,average,2,42,029,3002.01,0.036,0.037,0.400,17
358,42029307300,251,231,average,2,42,029,3073,0.066,0.061,0.640,17
359,42029302203,51,44,below average,1,42,029,3022.03,0.010,0.009,0.100,16
360,42029300107,85,61,below average,1,42,029,3001.07,0.020,0.014,0.210,16
361,42029300301,38,30,below average,1,42,029,3003.01,0.010,0.008,0.100,17
362,42029301100,67,69,below average,1,42,029,3011,0.020,0.021,0.210,16
363,42029304406,76,72,below average,1,42,029,3044.06,0.023,0.022,0.250,13
364,42029302706,99,70,below average,1,42,029,3027.06,0.021,0.015,0.230,13
365,42029302705,250,201,average,2,42,029,3027.05,0.061,0.049,0.600,15
366,42029303501,200,139,average,2,42,029,3035.01,0.046,0.032,0.500,17
367,42029303502,108,75,average,2,42,029,3035.02,0.038,0.026,0.420,15
368,42029303302,225,160,average,2,42,029,3033.02,0.045,0.032,0.490,16
369,42029304600,65,39,below average,1,42,029,3046,0.018,0.011,0.180,13
370,42029305400,873,152,above average,3,42,029,3054,0.212,0.037,0.890,24
371,42029302902,167,119,average,2,42,029,3029.02,0.027,0.019,0.300,15
372,42029302202,426,184,average,2,42,029,3022.02,0.062,0.027,0.610,19
373,42029301800,407,220,average,2,42,029,3018,0.082,0.044,0.720,17
374,42029300302,72,50,below average,1,42,029,3003.02,0.020,0.014,0.210,13
375,42029300303,193,183,average,2,42,029,3003.03,0.062,0.059,0.610,20
376,42029300501,143,157,average,2,42,029,3005.01,0.031,0.034,0.340,13
377,42029300502,270,187,average,2,42,029,3005.02,0.072,0.050,0.680,13
378,42029305102,122,86,average,2,42,029,3051.02,0.026,0.018,0.280,16
379,42029305101,86,63,below average,1,42,029,3051.01,0.020,0.014,0.210,13
380,42029311404,135,145,average,2,42,029,3114.04,0.035,0.038,0.390,15
381,42029311403,36,33,below average,1,42,029,3114.03,0.010,0.009,0.100,16
382,42029303902,275,306,average,2,42,029,3039.02,0.051,0.056,0.530,13
383,42029302703,26,43,below average,1,42,029,3027.03,0.006,0.011,0.050,13
384,42029302704,140,103,average,2,42,029,3027.04,0.027,0.020,0.300,15
385,42029306300,981,167,well above average,4,42,029,3063,0.344,0.059,0.940,23
386,42029302204,328,292,average,2,42,029,3022.04,0.051,0.045,0.530,15
387,42029305300,638,98,average,2,42,029,3053,0.086,0.013,0.730,20
388,42029302000,135,67,below average,1,42,029,3020,0.024,0.012,0.260,14
389,42029305600,579,265,above average,3,42,029,3056,0.183,0.084,0.880,26
390,42029305500,1443,424,well above average,4,42,029,3055,0.406,0.119,0.960,30
391,42029305700,365,116,above average,3,42,029,3057,0.159,0.050,0.860,25
392,42091201800,172,177,average,2,42,091,2018,0.058,0.060,0.580,21
393,42091201606,106,84,average,2,42,091,2016.06,0.043,0.034,0.470,18
394,42101036301,96,78,average,2,42,101,363.01,0.028,0.023,0.310,20
395,42101036400,69,51,average,2,42,101,364,0.085,0.063,0.730,21
396,42101036600,93,79,average,2,42,101,366,0.048,0.041,0.520,16
397,42091203208,175,165,average,2,42,091,2032.08,0.059,0.056,0.590,17
398,42091203204,218,148,average,2,42,091,2032.04,0.034,0.023,0.370,20
399,42091204102,186,115,average,2,42,091,2041.02,0.046,0.028,0.500,12
400,42091205906,231,200,average,2,42,091,2059.06,0.110,0.095,0.790,17
401,42091200301,451,301,average,2,42,091,2003.01,0.076,0.051,0.700,20
402,42029303301,734,296,above average,3,42,029,3033.01,0.242,0.097,0.910,20
403,42029306503,1260,316,well above average,4,42,029,3065.03,0.477,0.120,0.960,25
404,42029306504,1493,388,well above average,4,42,029,3065.04,0.298,0.077,0.930,23
405,42029306501,222,157,average,2,42,029,3065.01,0.050,0.035,0.530,15
406,42029308101,181,114,average,2,42,029,3081.01,0.040,0.025,0.440,15
407,42029304502,47,52,below average,1,42,029,3045.02,0.015,0.017,0.150,12
408,42029304405,168,143,average,2,42,029,3044.05,0.027,0.023,0.300,14
409,42029303100,145,81,average,2,42,029,3031,0.034,0.019,0.370,16
410,42029304201,394,172,average,2,42,029,3042.01,0.059,0.026,0.590,16
411,42029303402,765,182,well above average,4,42,029,3034.02,0.401,0.095,0.950,23
412,42029306700,263,161,average,2,42,029,3067,0.059,0.036,0.590,13
413,42029300108,111,71,below average,1,42,029,3001.08,0.018,0.012,0.180,18
414,42091200602,384,317,average,2,42,091,2006.02,0.044,0.036,0.480,20
415,42091207001,330,164,average,2,42,091,2070.01,0.041,0.020,0.450,15
416,42091208603,250,196,average,2,42,091,2086.03,0.037,0.029,0.410,17
417,42091200703,146,132,average,2,42,091,2007.03,0.034,0.031,0.370,20
418,42091201409,56,60,below average,1,42,091,2014.09,0.013,0.013,0.130,16
419,42091201410,73,51,average,2,42,091,2014.10,0.029,0.020,0.320,16
420,42091205903,39,27,below average,1,42,091,2059.03,0.015,0.011,0.150,15
421,42091205807,33,49,below average,1,42,091,2058.07,0.020,0.030,0.210,18
422,42091200306,137,110,average,2,42,091,2003.06,0.040,0.032,0.440,17
423,42091200305,95,69,average,2,42,091,2003.05,0.042,0.031,0.460,16
424,42091200310,29,42,below average,1,42,091,2003.10,0.011,0.016,0.110,20
425,42091206802,18,29,below average,1,42,091,2068.02,0.006,0.010,0.050,14
426,42091203207,1,3,well below average,0,42,091,2032.07,0.000,0.001,0.010,15
427,42091203304,38,41,below average,1,42,091,2033.04,0.010,0.011,0.100,17
428,42101003800,162,119,average,2,42,101,38,0.042,0.030,0.460,20
429,42101008302,224,166,average,2,42,101,83.02,0.052,0.038,0.540,27
430,42101017602,3575,466,well above average,4,42,101,176.02,0.838,0.109,0.990,31
431,42101001002,197,105,average,2,42,101,10.02,0.058,0.031,0.580,15
432,42101001001,26,41,below average,1,42,101,10.01,0.010,0.015,0.100,17
433,42101000402,16,26,below average,1,42,101,4.02,0.005,0.008,0.040,19
434,42101000401,187,38,average,2,42,101,4.01,0.070,0.014,0.660,22
435,42091200104,0,10,well below average,0,42,091,2001.04,0.000,0.002,0.010,17
436,42091208201,14,15,below average,1,42,091,2082.01,0.006,0.007,0.050,13
437,42091208904,535,207,above average,3,42,091,2089.04,0.159,0.062,0.860,22
438,42091207003,0,10,well below average,0,42,091,2070.03,0.000,0.003,0.010,15
439,42091208301,0,10,well below average,0,42,091,2083.01,0.000,0.004,0.010,11
440,42091200707,447,261,average,2,42,091,2007.07,0.111,0.065,0.790,21
441,42091206905,50,50,below average,1,42,091,2069.05,0.010,0.010,0.100,15
442,42091206702,451,103,average,2,42,091,2067.02,0.135,0.031,0.830,11
443,42091208702,62,73,below average,1,42,091,2087.02,0.019,0.022,0.200,13
444,42091200103,61,71,below average,1,42,091,2001.03,0.015,0.017,0.150,18
445,42091201201,44,31,below average,1,42,091,2012.01,0.007,0.005,0.060,18
446,42091207202,438,208,average,2,42,091,2072.02,0.100,0.047,0.770,19
447,42091200908,179,110,average,2,42,091,2009.08,0.081,0.050,0.710,18
448,42091208100,131,71,average,2,42,091,2081,0.044,0.024,0.480,14
449,42091205808,55,42,below average,1,42,091,2058.08,0.011,0.008,0.110,22
450,42091206102,406,247,average,2,42,091,2061.02,0.046,0.028,0.500,17
451,42091206005,415,274,average,2,42,091,2060.05,0.099,0.065,0.770,17
452,42091207800,122,129,below average,1,42,091,2078,0.017,0.018,0.170,14
453,42091203302,188,121,average,2,42,091,2033.02,0.030,0.019,0.330,17
454,42091202500,290,136,average,2,42,091,2025,0.052,0.025,0.540,23
455,42091203602,552,182,average,2,42,091,2036.02,0.135,0.044,0.830,21
456,42091206300,104,43,below average,1,42,091,2063,0.020,0.008,0.210,11
457,42091204600,63,82,below average,1,42,091,2046,0.014,0.018,0.140,16
458,42091204101,105,76,average,2,42,091,2041.01,0.027,0.020,0.300,13
459,42091205700,534,263,average,2,42,091,2057,0.117,0.057,0.810,17
460,42091205809,43,35,below average,1,42,091,2058.09,0.015,0.012,0.150,18
461,42091201901,195,108,average,2,42,091,2019.01,0.039,0.022,0.430,18
462,42091202100,203,123,average,2,42,091,2021,0.046,0.028,0.500,19
463,42091202402,352,138,average,2,42,091,2024.02,0.074,0.029,0.690,20
464,42091204701,1,2,well below average,0,42,091,2047.01,0.000,0.001,0.010,14
465,42091207300,371,189,average,2,42,091,2073,0.138,0.070,0.840,21
466,42091208801,175,98,average,2,42,091,2088.01,0.131,0.073,0.830,22
467,42091207201,149,95,average,2,42,091,2072.01,0.064,0.041,0.630,15
468,42091203801,795,224,above average,3,42,091,2038.01,0.208,0.059,0.890,25
469,42091201203,10,17,below average,1,42,091,2012.03,0.003,0.005,0.030,17
470,42101012204,99,78,average,2,42,101,122.04,0.026,0.021,0.280,26
471,42101012203,27,23,average,2,42,101,122.03,0.042,0.036,0.460,23
472,42101013602,75,60,below average,1,42,101,136.02,0.020,0.016,0.210,16
473,42101034501,316,197,average,2,42,101,345.01,0.091,0.057,0.750,28
474,42101034502,777,322,above average,3,42,101,345.02,0.156,0.065,0.860,26
475,42101001102,30,27,below average,1,42,101,11.02,0.012,0.011,0.120,12
476,42101000902,50,34,below average,1,42,101,9.02,0.019,0.013,0.200,21
477,42101000901,142,70,average,2,42,101,9.01,0.066,0.032,0.640,17
478,42101017201,25,36,below average,1,42,101,172.01,0.008,0.011,0.070,26
479,42101017202,152,232,average,2,42,101,172.02,0.051,0.078,0.530,29
480,42101027401,378,230,average,2,42,101,274.01,0.114,0.069,0.800,29
481,42101034803,492,329,average,2,42,101,348.03,0.115,0.077,0.800,21
482,42101034702,99,74,average,2,42,101,347.02,0.025,0.019,0.270,20
483,42101036202,426,314,average,2,42,101,362.02,0.071,0.053,0.670,19
484,42091202604,72,62,average,2,42,091,2026.04,0.031,0.026,0.340,22
485,42091202302,164,103,average,2,42,091,2023.02,0.077,0.048,0.700,23
486,42091203105,129,112,below average,1,42,091,2031.05,0.024,0.021,0.260,14
487,42091201902,169,143,average,2,42,091,2019.02,0.031,0.026,0.340,19
488,42091202202,249,91,average,2,42,091,2022.02,0.080,0.029,0.710,22
489,42091209100,200,116,average,2,42,091,2091,0.037,0.021,0.410,14
490,42091204500,71,65,below average,1,42,091,2045,0.015,0.014,0.150,14
491,42091208802,153,114,average,2,42,091,2088.02,0.044,0.033,0.480,21
492,42091207500,14,16,below average,1,42,091,2075,0.004,0.005,0.040,14
493,42091201302,263,193,average,2,42,091,2013.02,0.089,0.066,0.740,18
494,34021002500,1702,302,above average,3,34,021,25,0.278,0.049,0.920,23
495,34021002702,1092,678,above average,3,34,021,27.02,0.171,0.106,0.870,25
496,34021002800,1919,426,above average,3,34,021,28,0.271,0.060,0.920,26
497,34021002601,1677,434,well above average,4,34,021,26.01,0.384,0.099,0.950,27
498,42101038400,64,47,average,2,42,101,384,0.026,0.019,0.280,19
499,42091205100,70,75,average,2,42,091,2051,0.043,0.046,0.470,19
500,42091201404,228,189,average,2,42,091,2014.04,0.048,0.040,0.520,17
501,42091203203,119,109,average,2,42,091,2032.03,0.028,0.025,0.310,21
502,34005701700,268,141,average,2,34,005,7017,0.069,0.036,0.660,16
503,34005701502,347,229,average,2,34,005,7015.02,0.084,0.056,0.730,17
504,34005701201,156,105,average,2,34,005,7012.01,0.048,0.032,0.520,19
505,34005701203,138,99,average,2,34,005,7012.03,0.074,0.053,0.690,18
506,34005701204,331,199,average,2,34,005,7012.04,0.132,0.079,0.830,27
507,34005701205,297,185,average,2,34,005,7012.05,0.135,0.084,0.830,21
508,42091201003,97,144,below average,1,42,091,2010.03,0.019,0.029,0.200,19
509,42091206007,158,100,below average,1,42,091,2060.07,0.023,0.014,0.250,18
510,42091210400,152,86,average,2,42,091,2104,0.035,0.020,0.390,21
511,42091200906,48,38,average,2,42,091,2009.06,0.027,0.021,0.300,20
512,42091201005,98,87,average,2,42,091,2010.05,0.030,0.026,0.330,15
513,42091203601,745,374,above average,3,42,091,2036.01,0.248,0.125,0.910,27
514,42091207900,61,50,below average,1,42,091,2079,0.024,0.020,0.260,17
515,42091209202,137,83,average,2,42,091,2092.02,0.064,0.039,0.630,19
516,42091209201,13,18,below average,1,42,091,2092.01,0.008,0.011,0.070,12
517,42091203500,677,301,average,2,42,091,2035,0.106,0.047,0.780,23
518,42091207101,27,30,below average,1,42,091,2071.01,0.004,0.005,0.040,14
519,42101020600,87,55,average,2,42,101,206,0.052,0.033,0.540,22
520,42101029100,1339,387,above average,3,42,101,291,0.277,0.080,0.920,33
521,42101029200,1794,429,well above average,4,42,101,292,0.387,0.093,0.950,31
522,42101029300,1344,505,well above average,4,42,101,293,0.441,0.166,0.960,31
523,42101029400,1164,473,well above average,4,42,101,294,0.403,0.164,0.960,32
524,42101029800,1575,428,well above average,4,42,101,298,0.303,0.082,0.930,27
525,42101033300,519,328,average,2,42,101,333,0.123,0.077,0.810,24
526,42101033400,629,381,average,2,42,101,334,0.113,0.068,0.800,26
527,42101033500,905,231,above average,3,42,101,335,0.221,0.056,0.900,29
528,42101033600,911,476,average,2,42,101,336,0.121,0.063,0.810,23
529,42101033800,715,205,average,2,42,101,338,0.114,0.033,0.800,24
530,42101033900,312,255,average,2,42,101,339,0.091,0.075,0.750,21
531,42101034000,257,134,average,2,42,101,340,0.087,0.045,0.740,21
532,42101021300,225,128,average,2,42,101,213,0.059,0.034,0.590,13
533,42091204400,170,106,average,2,42,091,2044,0.054,0.034,0.560,17
534,42091201204,27,16,below average,1,42,091,2012.04,0.013,0.007,0.130,18
535,42091208905,100,90,average,2,42,091,2089.05,0.036,0.032,0.400,15
536,42091208901,199,114,average,2,42,091,2089.01,0.054,0.031,0.560,18
537,42091201603,163,90,average,2,42,091,2016.03,0.038,0.021,0.420,17
538,42091204009,122,72,average,2,42,091,2040.09,0.071,0.042,0.670,18
539,42091208906,117,84,average,2,42,091,2089.06,0.031,0.022,0.340,21
540,42091208203,64,62,below average,1,42,091,2082.03,0.014,0.013,0.140,12
541,42091206801,310,276,average,2,42,091,2068.01,0.043,0.038,0.470,19
542,42091200501,194,152,average,2,42,091,2005.01,0.047,0.037,0.510,14
543,42091200605,117,112,below average,1,42,091,2006.05,0.019,0.018,0.200,20
544,42091205904,55,47,average,2,42,091,2059.04,0.025,0.021,0.270,15
545,42091205905,90,62,average,2,42,091,2059.05,0.026,0.018,0.280,18
546,42091200603,93,66,average,2,42,091,2006.03,0.028,0.020,0.310,16
547,42101018400,101,96,average,2,42,101,184,0.041,0.039,0.450,15
548,42101018800,4571,907,well above average,4,42,101,188,0.499,0.099,0.960,30
549,42101021700,38,45,below average,1,42,101,217,0.006,0.008,0.050,16
550,42101021800,287,239,average,2,42,101,218,0.066,0.055,0.640,19
551,42101021900,46,49,average,2,42,101,219,0.031,0.032,0.340,14
552,42091200507,89,76,below average,1,42,091,2005.07,0.017,0.014,0.170,16
553,42091201502,101,101,average,2,42,091,2015.02,0.054,0.054,0.560,18
554,42091204007,34,27,below average,1,42,091,2040.07,0.015,0.012,0.150,16
555,42091203402,186,163,average,2,42,091,2034.02,0.028,0.025,0.310,18
556,42091200401,420,236,average,2,42,091,2004.01,0.130,0.073,0.830,16
557,42091200200,52,43,average,2,42,091,2002,0.038,0.031,0.420,16
558,42091204200,77,56,average,2,42,091,2042,0.056,0.041,0.570,12
559,42091204010,53,42,below average,1,42,091,2040.10,0.020,0.016,0.210,15
560,42091209000,118,86,average,2,42,091,2090,0.078,0.057,0.700,21
561,42101016701,30,35,below average,1,42,101,167.01,0.010,0.012,0.100,25
562,42101021400,299,249,average,2,42,101,214,0.067,0.056,0.640,11
563,42101021500,92,60,below average,1,42,101,215,0.024,0.016,0.260,13
564,42101021600,74,40,average,2,42,101,216,0.034,0.018,0.370,16
565,42101024100,28,25,below average,1,42,101,241,0.019,0.017,0.200,23
566,42101024200,125,141,average,2,42,101,242,0.038,0.043,0.420,26
567,42101024300,28,44,below average,1,42,101,243,0.009,0.013,0.080,21
568,42101024400,206,285,average,2,42,101,244,0.074,0.102,0.690,24
569,42101024500,85,89,below average,1,42,101,245,0.024,0.025,0.260,26
570,42101024600,21,21,below average,1,42,101,246,0.008,0.008,0.070,25
571,42101024700,86,60,below average,1,42,101,247,0.020,0.014,0.210,26
572,42101024800,18,21,below average,1,42,101,248,0.008,0.010,0.070,25
573,42101024900,75,101,below average,1,42,101,249,0.024,0.032,0.260,27
574,42101028200,437,338,average,2,42,101,282,0.079,0.061,0.700,30
575,42101031800,1212,301,well above average,4,42,101,318,0.309,0.077,0.930,28
576,42101031900,1618,405,well above average,4,42,101,319,0.328,0.082,0.940,25
577,42101032000,1343,465,above average,3,42,101,320,0.215,0.075,0.890,22
578,42101032100,1284,673,well above average,4,42,101,321,0.301,0.158,0.930,25
579,42101032300,436,170,average,2,42,101,323,0.142,0.055,0.840,19
580,42091208704,200,132,average,2,42,091,2087.04,0.040,0.027,0.440,20
581,42091208604,122,109,below average,1,42,091,2086.04,0.021,0.018,0.230,14
582,42091200606,129,96,average,2,42,091,2006.06,0.039,0.029,0.430,18
583,42091206502,174,135,average,2,42,091,2065.02,0.036,0.028,0.400,14
584,34005700502,12,13,below average,1,34,005,7005.02,0.005,0.006,0.040,17
585,34005700503,48,58,below average,1,34,005,7005.03,0.013,0.016,0.130,16
586,42101022000,149,126,average,2,42,101,220,0.084,0.071,0.730,24
587,42101980100,0,10,well below average,0,42,101,9801,0.000,0.093,0.010,11
588,42101023100,64,52,average,2,42,101,231,0.047,0.038,0.510,17
589,42101023500,0,10,well below average,0,42,101,235,0.000,0.008,0.010,17
590,42101023600,19,21,below average,1,42,101,236,0.008,0.009,0.070,17
591,42101023700,209,169,average,2,42,101,237,0.039,0.032,0.430,21
592,42101023800,139,122,average,2,42,101,238,0.033,0.029,0.360,20
593,42101023900,89,63,average,2,42,101,239,0.071,0.050,0.670,26
594,42101024000,129,118,average,2,42,101,240,0.038,0.035,0.420,22
595,42101025700,477,351,average,2,42,101,257,0.127,0.093,0.820,22
596,34015500600,318,118,average,2,34,015,5006,0.031,0.012,0.340,17
597,42101016702,62,56,below average,1,42,101,167.02,0.022,0.020,0.240,24
598,42101027901,137,217,average,2,42,101,279.01,0.037,0.059,0.410,23
599,42101027902,204,122,average,2,42,101,279.02,0.047,0.028,0.510,18
600,42101008101,18,22,below average,1,42,101,81.01,0.008,0.009,0.070,27
601,42101007102,185,270,average,2,42,101,71.02,0.040,0.059,0.440,25
602,42101008802,394,158,average,2,42,101,88.02,0.059,0.024,0.590,17
603,42101008702,204,112,average,2,42,101,87.02,0.078,0.043,0.700,20
604,42101008701,449,243,average,2,42,101,87.01,0.093,0.050,0.760,19
605,42101008102,73,74,below average,1,42,101,81.02,0.013,0.013,0.130,22
606,42101008602,56,53,average,2,42,101,86.02,0.025,0.024,0.270,22
607,42101037500,340,201,average,2,42,101,375,0.081,0.048,0.710,23
608,42101980800,-99999,-99999,no data,-99999,42,101,9808,-99999.000,-99999.000,-99999.000,0
609,42101018002,358,337,average,2,42,101,180.02,0.062,0.059,0.610,22
610,42101008801,176,72,average,2,42,101,88.01,0.077,0.032,0.700,17
611,42101012201,88,77,average,2,42,101,122.01,0.029,0.025,0.320,30
612,42101009801,86,76,average,2,42,101,98.01,0.036,0.031,0.400,27
613,42101007101,7,10,below average,1,42,101,71.01,0.003,0.004,0.030,27
614,34015502400,371,251,average,2,34,015,5024,0.062,0.042,0.610,17
615,42091201301,372,219,average,2,42,091,2013.01,0.104,0.061,0.780,20
616,42091200607,75,55,below average,1,42,091,2006.07,0.017,0.013,0.170,16
617,42091206501,196,138,average,2,42,091,2065.01,0.045,0.032,0.490,17
618,42091206704,138,123,below average,1,42,091,2067.04,0.019,0.017,0.200,15
619,42101026900,214,111,average,2,42,101,269,0.096,0.050,0.760,26
620,42101027000,11,19,below average,1,42,101,270,0.004,0.006,0.040,24
621,42101027100,341,215,average,2,42,101,271,0.110,0.069,0.790,27
622,42101027200,226,168,average,2,42,101,272,0.045,0.033,0.490,27
623,42101027300,811,392,average,2,42,101,273,0.119,0.058,0.810,30
624,42101027500,711,355,average,2,42,101,275,0.134,0.067,0.830,28
625,42101027600,12,17,below average,1,42,101,276,0.003,0.005,0.030,24
626,42101027700,44,45,below average,1,42,101,277,0.009,0.009,0.080,25
627,42101027800,296,226,average,2,42,101,278,0.066,0.050,0.640,28
628,34005702601,363,124,average,2,34,005,7026.01,0.086,0.030,0.730,16
629,34005702603,366,134,average,2,34,005,7026.03,0.134,0.049,0.830,19
630,34005702908,75,64,below average,1,34,005,7029.08,0.018,0.016,0.180,18
631,34005702906,109,84,average,2,34,005,7029.06,0.052,0.040,0.540,18
632,34021004203,157,136,average,2,34,021,42.03,0.038,0.033,0.420,22
633,34021004201,621,272,average,2,34,021,42.01,0.085,0.037,0.730,20
634,34015501101,625,195,average,2,34,015,5011.01,0.144,0.045,0.850,22
635,34015500500,42,39,below average,1,34,015,5005,0.009,0.008,0.080,16
636,34015500202,148,93,average,2,34,015,5002.02,0.033,0.021,0.360,17
637,34015500100,269,173,average,2,34,015,5001,0.064,0.041,0.630,19
638,34005702500,329,208,average,2,34,005,7025,0.055,0.034,0.570,18
639,34005701001,616,191,average,2,34,005,7010.01,0.123,0.038,0.810,23
640,34015501500,341,177,average,2,34,015,5015,0.041,0.021,0.450,19
641,34015501206,290,144,average,2,34,015,5012.06,0.080,0.040,0.710,21
642,34015501105,119,71,average,2,34,015,5011.05,0.039,0.023,0.430,21
643,34015500204,502,243,average,2,34,015,5002.04,0.078,0.038,0.700,19
644,34021004501,445,86,average,2,34,021,45.01,0.068,0.013,0.650,13
645,34021001101,250,102,average,2,34,021,11.01,0.109,0.045,0.790,27
646,34021003904,419,210,average,2,34,021,39.04,0.070,0.035,0.660,18
647,34021004309,195,174,average,2,34,021,43.09,0.043,0.038,0.470,15
648,34021004310,464,115,average,2,34,021,43.10,0.049,0.012,0.520,19
649,34015501403,233,115,average,2,34,015,5014.03,0.062,0.031,0.610,17
650,34015501404,234,83,average,2,34,015,5014.04,0.076,0.027,0.700,13
651,34015501212,280,149,average,2,34,015,5012.12,0.075,0.040,0.690,18
652,34015501213,256,182,average,2,34,015,5012.13,0.053,0.038,0.550,15
653,34015501406,912,332,above average,3,34,015,5014.06,0.185,0.067,0.880,21
654,34015501608,528,232,average,2,34,015,5016.08,0.100,0.044,0.770,19
655,34015502002,242,202,average,2,34,015,5020.02,0.033,0.028,0.360,14
656,34021004406,1721,518,well above average,4,34,021,44.06,0.341,0.103,0.940,26
657,34021004403,2306,628,well above average,4,34,021,44.03,0.417,0.114,0.960,25
658,34021004405,1349,391,above average,3,34,021,44.05,0.168,0.049,0.870,25
659,34021004204,386,236,average,2,34,021,42.04,0.070,0.043,0.660,18
660,34021000200,2090,438,well above average,4,34,021,2,0.551,0.115,0.970,27
661,34021000300,1921,473,well above average,4,34,021,3,0.437,0.108,0.960,28
662,34021000400,3404,495,well above average,4,34,021,4,0.702,0.102,0.980,29
663,34021000500,2882,526,well above average,4,34,021,5,0.672,0.123,0.980,25
664,34021000600,2726,698,well above average,4,34,021,6,0.563,0.144,0.970,26
665,34021000700,1901,437,well above average,4,34,021,7,0.690,0.159,0.980,25
666,34021000800,1767,305,well above average,4,34,021,8,0.790,0.136,0.990,27
667,34021000900,1470,403,well above average,4,34,021,9,0.443,0.121,0.960,27
668,42091201704,20,22,below average,1,42,091,2017.04,0.006,0.007,0.050,13
669,42091202401,151,117,average,2,42,091,2024.01,0.041,0.032,0.450,23
670,42091200106,50,59,average,2,42,091,2001.06,0.026,0.030,0.280,22
671,34005701002,523,213,average,2,34,005,7010.02,0.136,0.055,0.840,20
672,34005704006,34,25,below average,1,34,005,7040.06,0.015,0.011,0.150,19
673,34005704007,236,146,average,2,34,005,7040.07,0.063,0.039,0.620,17
674,34005704008,51,56,below average,1,34,005,7040.08,0.010,0.010,0.100,15
675,34005704009,166,119,average,2,34,005,7040.09,0.035,0.025,0.390,16
676,42091203401,355,203,average,2,42,091,2034.01,0.059,0.034,0.590,20
677,42101000100,224,111,average,2,42,101,1,0.056,0.028,0.570,15
678,42101000200,111,143,average,2,42,101,2,0.043,0.056,0.470,23
679,42101000300,254,142,average,2,42,101,3,0.072,0.040,0.680,18
680,42101000500,342,177,average,2,42,101,5,0.140,0.072,0.840,17
681,42101000600,128,70,average,2,42,101,6,0.098,0.054,0.770,17
682,42091206904,283,149,average,2,42,091,2069.04,0.051,0.027,0.530,19
683,42091201006,49,36,below average,1,42,091,2010.06,0.022,0.016,0.240,17
684,42091204300,52,43,below average,1,42,091,2043,0.019,0.016,0.200,20
685,42091205200,69,64,below average,1,42,091,2052,0.023,0.022,0.250,15
686,42091203403,26,37,below average,1,42,091,2034.03,0.008,0.012,0.070,18
687,42091200907,56,50,below average,1,42,091,2009.07,0.022,0.020,0.240,12
688,42091207004,184,155,average,2,42,091,2070.04,0.043,0.036,0.470,16
689,42091204702,63,54,below average,1,42,091,2047.02,0.019,0.016,0.200,18
690,42101034100,323,168,average,2,42,101,341,0.055,0.029,0.570,17
691,42101034200,110,80,average,2,42,101,342,0.032,0.023,0.350,24
692,42101980200,28,33,average,2,42,101,9802,0.039,0.046,0.430,18
693,42101034400,436,109,average,2,42,101,344,0.055,0.014,0.570,22
694,42101034600,394,225,average,2,42,101,346,0.148,0.084,0.850,21
695,42091201703,107,78,average,2,42,091,2017.03,0.035,0.025,0.390,15
696,42091202301,53,56,below average,1,42,091,2023.01,0.011,0.012,0.110,17
697,42091203104,167,115,average,2,42,091,2031.04,0.041,0.028,0.450,17
698,42091202602,48,46,below average,1,42,091,2026.02,0.018,0.017,0.180,16
699,42091201607,95,82,average,2,42,091,2016.07,0.027,0.023,0.300,19
700,42091203700,414,171,above average,3,42,091,2037,0.215,0.089,0.890,23
701,42091201604,43,78,below average,1,42,091,2016.04,0.014,0.025,0.140,19
702,42091201608,302,207,average,2,42,091,2016.08,0.064,0.044,0.630,18
703,42091205000,81,41,average,2,42,091,2050,0.032,0.016,0.350,19
704,42091205502,116,92,average,2,42,091,2055.02,0.032,0.025,0.350,17
705,42091205600,164,103,average,2,42,091,2056,0.038,0.024,0.420,17
706,42091206006,18,20,below average,1,42,091,2060.06,0.006,0.007,0.050,17
707,42091200901,103,124,average,2,42,091,2009.01,0.025,0.030,0.270,23
708,42091206703,111,113,average,2,42,091,2067.03,0.028,0.028,0.310,15
709,42091210600,242,213,average,2,42,091,2106,0.056,0.049,0.570,17
710,42101000700,287,169,average,2,42,101,7,0.088,0.052,0.740,19
711,42101003200,324,425,average,2,42,101,32,0.070,0.092,0.660,29
712,42101003300,140,123,below average,1,42,101,33,0.023,0.021,0.250,22
713,42101003600,196,111,average,2,42,101,36,0.027,0.015,0.300,29
714,42101003701,176,140,average,2,42,101,37.01,0.028,0.022,0.310,27
715,42101003702,366,231,average,2,42,101,37.02,0.092,0.058,0.750,26
716,42101004101,1157,582,above average,3,42,101,41.01,0.180,0.091,0.880,29
717,42101004002,397,313,average,2,42,101,40.02,0.080,0.063,0.710,19
718,42101003902,92,100,below average,1,42,101,39.02,0.016,0.017,0.160,15
719,42101004001,211,120,average,2,42,101,40.01,0.052,0.030,0.540,24
720,42101004102,1704,818,above average,3,42,101,41.02,0.180,0.086,0.880,27
721,42101004202,390,366,average,2,42,101,42.02,0.067,0.063,0.640,24
722,42101004201,211,164,average,2,42,101,42.01,0.039,0.031,0.430,22
723,42101025800,6,8,below average,1,42,101,258,0.003,0.005,0.030,25
724,42101025900,46,55,below average,1,42,101,259,0.009,0.011,0.080,21
725,42101026000,139,105,average,2,42,101,260,0.046,0.034,0.500,26
726,42101026100,32,50,below average,1,42,101,261,0.009,0.014,0.080,25
727,42101026200,47,54,below average,1,42,101,262,0.011,0.013,0.110,23
728,42101034801,210,119,average,2,42,101,348.01,0.047,0.027,0.510,19
729,42101026302,42,48,below average,1,42,101,263.02,0.007,0.008,0.060,24
730,42091208500,266,159,average,2,42,091,2085,0.054,0.033,0.560,17
731,42091205801,248,192,average,2,42,091,2058.01,0.081,0.063,0.710,24
732,42091200502,79,82,below average,1,42,091,2005.02,0.016,0.017,0.160,16
733,42091208302,351,173,average,2,42,091,2083.02,0.036,0.018,0.400,15
734,42091201100,49,33,below average,1,42,091,2011,0.015,0.010,0.150,12
735,42091201004,247,182,average,2,42,091,2010.04,0.046,0.034,0.500,22
736,42091200704,103,113,average,2,42,091,2007.04,0.028,0.031,0.310,17
737,42091206906,61,54,below average,1,42,091,2069.06,0.021,0.019,0.230,13
738,42101032500,668,324,average,2,42,101,325,0.115,0.056,0.800,21
739,42101032600,1589,616,above average,3,42,101,326,0.243,0.094,0.910,23
740,42101989100,518,171,above average,3,42,101,9891,0.177,0.058,0.870,22
741,42101032900,296,187,average,2,42,101,329,0.093,0.059,0.760,20
742,42101033000,912,344,average,2,42,101,330,0.126,0.048,0.820,22
743,42101033200,254,167,average,2,42,101,332,0.094,0.062,0.760,19
744,42101980300,-99999,-99999,no data,-99999,42,101,9803,-99999.000,-99999.000,-99999.000,0
745,42101035500,384,196,average,2,42,101,355,0.055,0.028,0.570,26
746,42101035800,279,246,average,2,42,101,358,0.041,0.036,0.450,25
747,42101035900,75,83,below average,1,42,101,359,0.015,0.016,0.150,25
748,42101036000,103,74,average,2,42,101,360,0.033,0.024,0.360,28
749,42101036100,225,207,average,2,42,101,361,0.060,0.055,0.600,18
750,42101036203,332,189,average,2,42,101,362.03,0.061,0.035,0.600,16
751,42101035302,182,102,average,2,42,101,353.02,0.041,0.023,0.450,17
752,42091210700,176,199,average,2,42,091,2107,0.031,0.035,0.340,15
753,42091203902,853,362,above average,3,42,091,2039.02,0.275,0.117,0.920,26
754,42091203303,209,155,average,2,42,091,2033.03,0.053,0.039,0.550,23
755,42091201705,194,189,average,2,42,091,2017.05,0.043,0.042,0.470,15
756,42091208601,238,149,average,2,42,091,2086.01,0.039,0.025,0.430,15
757,42091206600,102,53,average,2,42,091,2066,0.074,0.038,0.690,15
758,34005702905,218,139,average,2,34,005,7029.05,0.052,0.033,0.540,16
759,34005702101,662,142,above average,3,34,005,7021.01,0.161,0.035,0.860,18
760,34005700102,170,134,average,2,34,005,7001.02,0.062,0.049,0.610,20
761,42101026400,196,188,average,2,42,101,264,0.034,0.032,0.370,25
762,42101026500,97,110,below average,1,42,101,265,0.019,0.022,0.200,23
763,42101026600,120,126,below average,1,42,101,266,0.019,0.020,0.200,26
764,42101026700,10,18,below average,1,42,101,267,0.002,0.003,0.020,27
765,42101026800,144,104,average,2,42,101,268,0.032,0.023,0.350,26
766,42101029900,1169,324,above average,3,42,101,299,0.281,0.078,0.920,28
767,42101030000,1825,634,above average,3,42,101,300,0.246,0.085,0.910,29
768,42101030100,965,262,above average,3,42,101,301,0.169,0.046,0.870,27
769,42101030200,2593,792,well above average,4,42,101,302,0.337,0.103,0.940,28
770,42101030600,2021,513,above average,3,42,101,306,0.252,0.064,0.910,26
771,42101030700,353,235,average,2,42,101,307,0.091,0.060,0.750,22
772,42101030800,1160,394,above average,3,42,101,308,0.239,0.081,0.900,28
773,42101030900,1205,426,above average,3,42,101,309,0.272,0.096,0.920,28
774,34015501703,391,280,average,2,34,015,5017.03,0.092,0.066,0.750,17
775,34015501102,413,200,average,2,34,015,5011.02,0.062,0.030,0.610,19
776,42101980500,-99999,-99999,no data,-99999,42,101,9805,-99999.000,-99999.000,-99999.000,0
777,42101000801,115,69,average,2,42,101,8.01,0.072,0.043,0.680,11
778,42101001101,221,128,average,2,42,101,11.01,0.060,0.035,0.600,17
779,42101027402,1941,768,above average,3,42,101,274.02,0.268,0.106,0.920,31
780,42101008601,173,93,average,2,42,101,86.01,0.060,0.033,0.600,19
781,42101036502,221,270,average,2,42,101,365.02,0.053,0.065,0.550,17
782,42101036700,274,98,average,2,42,101,367,0.091,0.033,0.750,13
783,42101037600,379,302,average,2,42,101,376,0.124,0.099,0.820,22
784,42101038600,63,51,average,2,42,101,386,0.045,0.036,0.490,17
785,42101038500,62,42,average,2,42,101,385,0.033,0.023,0.360,18
786,42101038700,104,64,average,2,42,101,387,0.040,0.025,0.440,18
787,42101038800,109,77,average,2,42,101,388,0.028,0.020,0.310,17
788,42101038900,55,79,below average,1,42,101,389,0.017,0.025,0.170,25
789,42101980000,124,88,average,2,42,101,9800,0.121,0.086,0.810,16
790,34021004502,92,58,average,2,34,021,45.02,0.075,0.048,0.690,22
791,42101028000,111,154,average,2,42,101,280,0.028,0.039,0.310,26
792,42101028100,201,295,average,2,42,101,281,0.045,0.066,0.490,28
793,34005704012,515,259,average,2,34,005,7040.12,0.096,0.048,0.760,14
794,34005700401,128,79,average,2,34,005,7004.01,0.060,0.037,0.600,17
795,34005700402,190,116,average,2,34,005,7004.02,0.059,0.036,0.590,13
796,34005700403,356,215,average,2,34,005,7004.03,0.079,0.048,0.700,17
797,34005700405,167,149,average,2,34,005,7004.05,0.087,0.078,0.740,18
798,34005700103,184,163,average,2,34,005,7001.03,0.071,0.063,0.670,16
799,34005700104,242,153,average,2,34,005,7001.04,0.124,0.078,0.820,21
800,34005702300,381,145,above average,3,34,005,7023,0.252,0.096,0.910,22
801,34005702203,429,117,average,2,34,005,7022.03,0.127,0.035,0.820,23
802,34005702206,205,116,average,2,34,005,7022.06,0.099,0.056,0.770,19
803,34005700305,363,181,average,2,34,005,7003.05,0.070,0.035,0.660,16
804,34005700306,160,88,average,2,34,005,7003.06,0.065,0.036,0.630,16
805,34015500201,188,145,average,2,34,015,5002.01,0.078,0.060,0.700,17
806,34021002100,1797,499,well above average,4,34,021,21,0.359,0.100,0.950,31
807,34021002200,1930,644,well above average,4,34,021,22,0.356,0.119,0.940,26
808,34021002701,1107,270,above average,3,34,021,27.01,0.260,0.063,0.920,23
809,34021002400,294,168,above average,3,34,021,24,0.241,0.138,0.900,13
810,34021004301,389,283,average,2,34,021,43.01,0.045,0.033,0.490,24
811,34021004304,228,167,average,2,34,021,43.04,0.028,0.021,0.310,22
812,34021003800,207,99,average,2,34,021,38,0.028,0.013,0.310,16
813,34021003706,136,116,average,2,34,021,37.06,0.039,0.033,0.430,19
814,34021003100,924,329,above average,3,34,021,31,0.205,0.073,0.890,25
815,42101005500,379,317,average,2,42,101,55,0.058,0.049,0.580,25
816,42101005600,23,20,below average,1,42,101,56,0.022,0.019,0.240,26
817,42101006000,161,149,average,2,42,101,60,0.026,0.024,0.280,25
818,42101006100,38,39,below average,1,42,101,61,0.011,0.012,0.110,28
819,42101006200,134,159,average,2,42,101,62,0.026,0.031,0.280,28
820,42101006300,353,247,average,2,42,101,63,0.083,0.058,0.720,28
821,42101010000,93,74,below average,1,42,101,100,0.020,0.016,0.210,27
822,42101010100,594,833,average,2,42,101,101,0.084,0.118,0.730,26
823,42101010200,82,94,average,2,42,101,102,0.027,0.031,0.300,26
824,42101010300,181,267,average,2,42,101,103,0.068,0.100,0.650,26
825,42101010400,81,79,below average,1,42,101,104,0.020,0.019,0.210,28
826,42101010500,145,113,average,2,42,101,105,0.032,0.025,0.350,29
827,42101010600,34,38,below average,1,42,101,106,0.021,0.024,0.230,28
828,42101010700,39,65,below average,1,42,101,107,0.010,0.017,0.100,24
829,42101010800,39,32,below average,1,42,101,108,0.010,0.008,0.100,23
830,42101010900,111,67,average,2,42,101,109,0.043,0.026,0.470,24
831,42101011000,77,65,below average,1,42,101,110,0.020,0.017,0.210,25
832,42101011100,43,39,below average,1,42,101,111,0.014,0.013,0.140,26
833,42101011200,107,114,below average,1,42,101,112,0.022,0.023,0.240,25
834,42101011300,0,10,well below average,0,42,101,113,0.000,0.004,0.010,23
835,34021004404,1201,568,above average,3,34,021,44.04,0.171,0.081,0.870,23
836,34015501405,228,162,average,2,34,015,5014.05,0.057,0.040,0.580,16
837,34015501609,348,214,average,2,34,015,5016.09,0.059,0.036,0.590,18
838,34015502001,278,209,average,2,34,015,5020.01,0.050,0.037,0.530,15
839,34021003400,366,118,average,2,34,021,34,0.145,0.047,0.850,23
840,34021003500,578,129,average,2,34,021,35,0.083,0.019,0.720,23
841,34021003601,526,321,average,2,34,021,36.01,0.139,0.085,0.840,22
842,34021003602,206,143,average,2,34,021,36.02,0.061,0.042,0.600,17
843,34021003705,409,240,average,2,34,021,37.05,0.065,0.038,0.630,17
844,42101020101,122,103,average,2,42,101,201.01,0.030,0.026,0.330,27
845,34005700307,45,53,below average,1,34,005,7003.07,0.016,0.019,0.160,15
846,34005700800,212,155,average,2,34,005,7008,0.047,0.034,0.510,18
847,34005700602,78,63,below average,1,34,005,7006.02,0.013,0.010,0.130,17
848,34005700303,206,124,average,2,34,005,7003.03,0.057,0.034,0.580,18
849,34005700605,23,23,below average,1,34,005,7006.05,0.005,0.005,0.040,15
850,42091208903,198,132,average,2,42,091,2089.03,0.074,0.049,0.690,20
851,42091204008,9,16,below average,1,42,091,2040.08,0.003,0.006,0.030,16
852,42091200800,285,184,average,2,42,091,2008,0.086,0.056,0.730,21
853,42091205503,156,100,average,2,42,091,2055.03,0.033,0.021,0.360,21
854,34021003302,541,149,average,2,34,021,33.02,0.066,0.018,0.640,23
855,34021003201,565,248,average,2,34,021,32.01,0.075,0.033,0.690,17
856,34021003903,120,79,average,2,34,021,39.03,0.047,0.031,0.510,17
857,34021003202,370,327,average,2,34,021,32.02,0.065,0.057,0.630,22
858,34021004000,832,467,above average,3,34,021,40,0.155,0.087,0.860,18
859,42101007900,274,144,average,2,42,101,79,0.062,0.032,0.610,18
860,42101008000,172,119,average,2,42,101,80,0.044,0.031,0.480,22
861,42101008200,16,26,below average,1,42,101,82,0.002,0.004,0.020,28
862,42101017601,5070,772,well above average,4,42,101,176.01,0.885,0.135,0.990,31
863,42101008301,137,135,average,2,42,101,83.01,0.028,0.028,0.310,28
864,42091206201,79,91,average,2,42,091,2062.01,0.034,0.039,0.370,17
865,42101001300,252,175,average,2,42,101,13,0.041,0.029,0.450,17
866,42101001400,89,81,below average,1,42,101,14,0.023,0.021,0.250,14
867,42101001500,197,117,average,2,42,101,15,0.069,0.041,0.660,18
868,42101001600,90,88,average,2,42,101,16,0.041,0.040,0.450,12
869,42101001700,184,122,average,2,42,101,17,0.062,0.041,0.610,12
870,42101001800,165,94,average,2,42,101,18,0.051,0.029,0.530,17
871,42101001900,266,172,average,2,42,101,19,0.084,0.054,0.730,18
872,42101002000,39,23,below average,1,42,101,20,0.019,0.011,0.200,17
873,42101002100,85,55,average,2,42,101,21,0.037,0.024,0.410,19
874,42101002200,121,83,average,2,42,101,22,0.052,0.036,0.540,23
875,42101002300,348,262,average,2,42,101,23,0.123,0.092,0.810,21
876,42101002400,822,477,above average,3,42,101,24,0.155,0.090,0.860,20
877,42101002500,279,173,average,2,42,101,25,0.071,0.044,0.670,19
878,42101002900,860,516,above average,3,42,101,29,0.206,0.124,0.890,21
879,42101003100,308,235,average,2,42,101,31,0.076,0.058,0.700,28
880,42101005000,-99999,-99999,no data,-99999,42,101,50,-99999.000,-99999.000,-99999.000,0
881,42101005400,70,68,average,2,42,101,54,0.050,0.048,0.530,24
882,42101002801,1674,678,well above average,4,42,101,28.01,0.348,0.141,0.940,27
883,42101020102,126,101,average,2,42,101,201.02,0.041,0.033,0.450,23
884,42101031101,1678,415,well above average,4,42,101,311.01,0.305,0.075,0.930,31
885,42101031102,1119,348,above average,3,42,101,311.02,0.256,0.080,0.910,30
886,42101019502,2817,539,well above average,4,42,101,195.02,0.772,0.148,0.990,32
887,42101019501,3859,658,well above average,4,42,101,195.01,0.870,0.148,0.990,32
888,42101028901,2879,470,well above average,4,42,101,289.01,0.649,0.106,0.980,30
889,42101028902,4839,895,well above average,4,42,101,289.02,0.692,0.128,0.980,33
890,42101033101,273,121,average,2,42,101,331.01,0.057,0.025,0.580,18
891,42101033102,227,144,average,2,42,101,331.02,0.063,0.040,0.620,21
892,42101031501,746,302,average,2,42,101,315.01,0.117,0.048,0.810,20
893,42101030501,1383,378,above average,3,42,101,305.01,0.233,0.064,0.900,27
894,42101030502,1949,460,well above average,4,42,101,305.02,0.291,0.069,0.930,31
895,42101009802,42,49,below average,1,42,101,98.02,0.007,0.008,0.060,21
896,42101018001,181,118,average,2,42,101,180.01,0.068,0.044,0.650,16
897,42101017702,3861,497,well above average,4,42,101,177.02,0.710,0.091,0.990,32
898,42101017701,2588,583,well above average,4,42,101,177.01,0.645,0.145,0.970,30
899,42101035602,166,117,average,2,42,101,356.02,0.051,0.036,0.530,22
900,42101036201,200,126,average,2,42,101,362.01,0.042,0.026,0.460,17
901,42091205501,223,139,average,2,42,091,2055.01,0.062,0.039,0.610,19
902,42091205300,211,232,average,2,42,091,2053,0.100,0.110,0.770,22
903,42091203000,69,60,below average,1,42,091,2030,0.021,0.018,0.230,16
904,42091210300,158,131,average,2,42,091,2103,0.038,0.032,0.420,17
905,42091200105,62,40,below average,1,42,091,2001.05,0.021,0.014,0.230,17
906,42091206400,289,191,average,2,42,091,2064,0.081,0.054,0.710,17
907,42091203205,79,61,average,2,42,091,2032.05,0.037,0.028,0.410,15
908,42091207104,3,8,below average,1,42,091,2071.04,0.001,0.003,0.020,15
909,42101006400,104,104,average,2,42,101,64,0.028,0.028,0.310,28
910,42101006500,36,35,below average,1,42,101,65,0.009,0.008,0.080,24
911,42101008400,110,81,below average,1,42,101,84,0.023,0.017,0.250,26
912,42101008500,237,204,average,2,42,101,85,0.032,0.028,0.350,26
913,42101009000,348,134,average,2,42,101,90,0.056,0.022,0.570,17
914,42101009100,48,49,below average,1,42,101,91,0.017,0.018,0.170,23
915,42101009200,78,69,below average,1,42,101,92,0.022,0.019,0.240,24
916,42101009300,0,10,well below average,0,42,101,93,0.000,0.002,0.010,25
917,42101009400,40,46,below average,1,42,101,94,0.010,0.011,0.100,27
918,42101009500,138,219,average,2,42,101,95,0.045,0.071,0.490,26
919,42101009600,116,103,average,2,42,101,96,0.027,0.024,0.300,26
920,42101013800,153,125,average,2,42,101,138,0.072,0.059,0.680,25
921,42101013900,160,127,average,2,42,101,139,0.054,0.043,0.560,25
922,42101014000,123,102,average,2,42,101,140,0.040,0.034,0.440,25
923,42101014100,234,158,average,2,42,101,141,0.093,0.063,0.760,30
924,42101014200,413,148,average,2,42,101,142,0.105,0.038,0.780,13
925,42101014300,86,57,average,2,42,101,143,0.050,0.033,0.530,13
926,42101031000,1612,514,above average,3,42,101,310,0.201,0.064,0.890,28
927,42101031200,1298,226,above average,3,42,101,312,0.248,0.043,0.910,31
928,42101031300,2094,692,well above average,4,42,101,313,0.317,0.105,0.930,29
929,42101031600,1041,401,above average,3,42,101,316,0.157,0.061,0.860,23
930,42101031700,1446,392,above average,3,42,101,317,0.246,0.067,0.910,27
931,34015501210,52,58,below average,1,34,015,5012.10,0.014,0.016,0.140,12
932,34015501103,346,329,average,2,34,015,5011.03,0.069,0.066,0.660,17
933,34015501402,434,227,average,2,34,015,5014.02,0.128,0.067,0.820,20
934,34015502300,424,196,above average,3,34,015,5023,0.163,0.075,0.870,22
935,34015500702,156,172,average,2,34,015,5007.02,0.026,0.029,0.280,15
936,34015501003,160,91,average,2,34,015,5010.03,0.043,0.025,0.470,18
937,34015501204,79,62,below average,1,34,015,5012.04,0.020,0.016,0.210,15
938,34015501104,155,136,average,2,34,015,5011.04,0.049,0.043,0.520,20
939,42101036302,380,90,average,2,42,101,363.02,0.110,0.026,0.790,21
940,42101036900,203,88,average,2,42,101,369,0.038,0.016,0.420,15
941,42101037300,314,158,average,2,42,101,373,0.054,0.027,0.560,17
942,42101037200,161,143,average,2,42,101,372,0.035,0.031,0.390,25
943,42101038300,2553,389,well above average,4,42,101,383,0.682,0.104,0.980,30
944,42101039000,2347,510,above average,3,42,101,390,0.253,0.055,0.910,31
945,42101037800,207,114,average,2,42,101,378,0.079,0.043,0.700,14
946,42101037700,620,322,average,2,42,101,377,0.113,0.059,0.800,22
947,42091201706,291,347,average,2,42,091,2017.06,0.062,0.074,0.610,18
948,42091201605,55,50,below average,1,42,091,2016.05,0.019,0.017,0.200,17
949,42091202000,55,46,below average,1,42,091,2020,0.022,0.018,0.240,13
950,42101006600,78,120,below average,1,42,101,66,0.023,0.036,0.250,32
951,42101006700,229,190,average,2,42,101,67,0.035,0.029,0.390,30
952,42101006900,133,131,average,2,42,101,69,0.052,0.052,0.540,28
953,42101007000,9,15,below average,1,42,101,70,0.003,0.004,0.030,26
954,42101007200,93,95,below average,1,42,101,72,0.018,0.019,0.180,26
955,42101007300,31,50,below average,1,42,101,73,0.012,0.020,0.120,23
956,42101007400,115,108,average,2,42,101,74,0.026,0.025,0.280,28
957,42101007700,78,46,average,2,42,101,77,0.037,0.022,0.410,19
958,42101007800,213,122,average,2,42,101,78,0.050,0.029,0.530,18
959,42101011500,140,130,average,2,42,101,115,0.029,0.027,0.320,26
960,42101011700,59,39,average,2,42,101,117,0.031,0.021,0.340,15
961,34005702204,482,183,above average,3,34,005,7022.04,0.208,0.079,0.890,20
962,34005702208,780,115,average,2,34,005,7022.08,0.113,0.017,0.800,19
963,34005700701,200,176,average,2,34,005,7007.01,0.065,0.057,0.630,17
964,42101036303,42,54,below average,1,42,101,363.03,0.007,0.009,0.060,18
965,42101034701,465,234,average,2,42,101,347.01,0.073,0.037,0.680,22
966,42101034802,489,278,average,2,42,101,348.02,0.088,0.050,0.740,22
967,42101034900,841,652,above average,3,42,101,349,0.155,0.120,0.860,21
968,42101035100,52,54,below average,1,42,101,351,0.013,0.014,0.130,18
969,42101035200,134,86,average,2,42,101,352,0.034,0.022,0.370,17
970,42101035301,484,259,average,2,42,101,353.01,0.091,0.049,0.750,18
971,42101026301,0,10,well below average,0,42,101,263.01,0.000,0.002,0.010,22
972,42101000804,283,139,average,2,42,101,8.04,0.069,0.034,0.660,14
973,34021004407,1427,618,above average,3,34,021,44.07,0.193,0.083,0.880,24
974,34021004306,180,101,average,2,34,021,43.06,0.033,0.018,0.360,20
975,42091201411,0,10,well below average,0,42,091,2014.11,0.000,0.004,0.010,14
976,42091200307,158,98,average,2,42,091,2003.07,0.051,0.031,0.530,20
977,42091204900,145,97,average,2,42,091,2049,0.027,0.018,0.300,17
978,42091205400,526,364,average,2,42,091,2054,0.085,0.059,0.730,19
979,42091204002,308,191,average,2,42,091,2040.02,0.088,0.055,0.740,19
980,42091204800,139,90,average,2,42,091,2048,0.028,0.018,0.310,17
981,42091200402,169,134,average,2,42,091,2004.02,0.040,0.032,0.440,14
982,34005703600,411,286,average,2,34,005,7036,0.059,0.041,0.590,14
983,34005703700,285,239,average,2,34,005,7037,0.044,0.037,0.480,15
984,34005703801,256,151,average,2,34,005,7038.01,0.037,0.022,0.410,15
985,34005703802,157,84,average,2,34,005,7038.02,0.038,0.021,0.420,16
986,34005703803,193,99,average,2,34,005,7038.03,0.040,0.020,0.440,16
987,34005701102,463,113,average,2,34,005,7011.02,0.085,0.021,0.730,20
988,34005700702,400,269,average,2,34,005,7007.02,0.143,0.096,0.850,20
989,34015501209,618,348,average,2,34,015,5012.09,0.081,0.046,0.710,20
990,34015502200,468,199,average,2,34,015,5022,0.039,0.017,0.430,17
991,34015500701,348,200,average,2,34,015,5007.01,0.045,0.026,0.490,16
992,34015501900,74,55,below average,1,34,015,5019,0.018,0.013,0.180,16
993,34015501605,247,181,average,2,34,015,5016.05,0.052,0.038,0.540,20
994,34021002903,393,231,average,2,34,021,29.03,0.129,0.076,0.820,22
995,34021002902,789,199,above average,3,34,021,29.02,0.162,0.041,0.860,22
996,34021003001,193,139,average,2,34,021,30.01,0.032,0.023,0.350,18
997,34021003002,534,190,average,2,34,021,30.02,0.097,0.035,0.770,16
998,34015500300,50,29,below average,1,34,015,5003,0.017,0.010,0.170,16
999,34015501704,528,271,average,2,34,015,5017.04,0.115,0.059,0.800,21
1000,34015501800,98,52,average,2,34,015,5018,0.059,0.031,0.590,16
1001,34015501201,148,88,below average,1,34,015,5012.01,0.024,0.014,0.260,15
1002,34015500205,30,34,below average,1,34,015,5002.05,0.009,0.010,0.080,17
1003,42091203106,37,33,below average,1,42,091,2031.06,0.019,0.017,0.200,15
1004,42091208204,87,87,below average,1,42,091,2082.04,0.024,0.024,0.260,14
1005,34015500703,47,36,average,2,34,015,5007.03,0.032,0.025,0.350,14
1006,34015500203,57,44,below average,1,34,015,5002.03,0.012,0.009,0.120,14
1007,34015500900,109,63,average,2,34,015,5009,0.036,0.021,0.400,15
1008,34015501107,220,138,average,2,34,015,5011.07,0.050,0.031,0.530,15
1009,34015500800,19,16,below average,1,34,015,5008,0.009,0.007,0.080,13
1010,34015501001,284,136,average,2,34,015,5010.01,0.129,0.062,0.820,21
1011,34015501002,779,273,above average,3,34,015,5010.02,0.189,0.066,0.880,27
1012,34015501106,206,209,average,2,34,015,5011.06,0.053,0.053,0.550,19
1013,34005701103,488,97,average,2,34,005,7011.03,0.077,0.015,0.700,18
1014,34005701104,541,348,average,2,34,005,7011.04,0.119,0.077,0.810,22
1015,34005701105,473,191,average,2,34,005,7011.05,0.075,0.030,0.690,23
1016,34005700304,223,93,average,2,34,005,7003.04,0.089,0.037,0.740,15
1017,42101035701,120,107,average,2,42,101,357.01,0.026,0.023,0.280,25
1018,42101035702,243,176,average,2,42,101,357.02,0.057,0.042,0.580,25
1019,42101035601,292,214,average,2,42,101,356.01,0.055,0.040,0.570,25
1020,42101015101,172,207,average,2,42,101,151.01,0.074,0.089,0.690,24
1021,42101015102,160,193,average,2,42,101,151.02,0.046,0.055,0.500,30
1022,42101036501,81,103,below average,1,42,101,365.01,0.016,0.020,0.160,20
1023,34021003003,137,142,below average,1,34,021,30.03,0.022,0.023,0.240,15
1024,34021003009,332,202,average,2,34,021,30.09,0.064,0.039,0.630,22
1025,34021003006,222,164,average,2,34,021,30.06,0.038,0.028,0.420,16
1026,34021003007,122,103,average,2,34,021,30.07,0.034,0.029,0.370,14
1027,34021003008,452,144,average,2,34,021,30.08,0.083,0.026,0.720,16
1028,34021003004,730,463,average,2,34,021,30.04,0.140,0.089,0.840,16
1029,34021003902,31,23,below average,1,34,021,39.02,0.016,0.012,0.160,14
1030,42091207600,52,49,below average,1,42,091,2076,0.014,0.013,0.140,12
1031,42091206104,134,98,average,2,42,091,2061.04,0.043,0.031,0.470,14
1032,42091200708,197,107,average,2,42,091,2007.08,0.035,0.019,0.390,17
1033,42091206105,33,40,below average,1,42,091,2061.05,0.006,0.007,0.050,13
1034,42091206106,46,36,below average,1,42,091,2061.06,0.009,0.007,0.080,14
1035,42091200308,33,40,below average,1,42,091,2003.08,0.008,0.010,0.070,17
1036,42091203103,32,36,below average,1,42,091,2031.03,0.011,0.012,0.110,13
1037,42091208000,75,94,below average,1,42,091,2080,0.019,0.024,0.200,15
1038,42091210200,36,37,below average,1,42,091,2102,0.013,0.014,0.130,14
1039,42101014400,1441,458,well above average,4,42,101,144,0.382,0.121,0.950,21
1040,42101014500,479,93,above average,3,42,101,145,0.270,0.052,0.920,30
1041,42101014600,237,152,average,2,42,101,146,0.058,0.037,0.580,21
1042,42101014700,137,104,average,2,42,101,147,0.046,0.035,0.500,18
1043,42101014800,11,12,below average,1,42,101,148,0.011,0.012,0.110,22
1044,42101014900,217,256,average,2,42,101,149,0.064,0.076,0.630,26
1045,42091208400,39,42,below average,1,42,091,2084,0.011,0.012,0.110,14
1046,42091200506,25,39,below average,1,42,091,2005.06,0.006,0.009,0.050,13
1047,42091200309,184,214,average,2,42,091,2003.09,0.066,0.077,0.640,16
1048,42101025200,157,138,below average,1,42,101,252,0.021,0.019,0.230,24
1049,42101025300,90,84,below average,1,42,101,253,0.022,0.020,0.240,26
1050,42101025400,63,65,below average,1,42,101,254,0.015,0.016,0.150,23
1051,42101025500,237,140,average,2,42,101,255,0.086,0.051,0.730,19
1052,42101025600,41,42,below average,1,42,101,256,0.015,0.015,0.150,16
1053,42101028300,297,254,average,2,42,101,283,0.045,0.039,0.490,28
1054,42101028400,886,454,above average,3,42,101,284,0.188,0.096,0.880,29
1055,42101028500,1138,297,well above average,4,42,101,285,0.394,0.103,0.950,34
1056,42101028600,2244,611,well above average,4,42,101,286,0.298,0.081,0.930,34
1057,42101028700,1768,268,well above average,4,42,101,287,0.695,0.105,0.980,33
1058,42101028800,2391,415,well above average,4,42,101,288,0.550,0.096,0.970,35
1059,42101029000,2911,867,well above average,4,42,101,290,0.409,0.122,0.960,31
1060,42101980400,-99999,-99999,no data,-99999,42,101,9804,-99999.000,-99999.000,-99999.000,0
1061,42101013402,409,160,average,2,42,101,134.02,0.147,0.057,0.850,15
1062,42101013401,63,55,average,2,42,101,134.01,0.027,0.024,0.300,18
1063,42101013601,40,27,below average,1,42,101,136.01,0.014,0.009,0.140,14
1064,42101037900,152,141,average,2,42,101,379,0.028,0.026,0.310,21
1065,42101038200,715,211,above average,3,42,101,382,0.277,0.082,0.920,24
1066,42101038000,697,210,well above average,4,42,101,380,0.286,0.086,0.930,23
1067,42101038100,132,118,above average,3,42,101,381,0.166,0.148,0.870,23
1068,42091200505,134,110,below average,1,42,091,2005.05,0.018,0.014,0.180,16
1069,42091201406,0,10,well below average,0,42,091,2014.06,0.000,0.002,0.010,16
1070,42091200902,141,101,average,2,42,091,2009.02,0.114,0.081,0.800,18
1071,42091207400,27,24,below average,1,42,091,2074,0.009,0.008,0.080,12
1072,42091206202,86,63,average,2,42,091,2062.02,0.035,0.026,0.390,15
1073,42091200903,468,249,average,2,42,091,2009.03,0.102,0.054,0.780,20
1074,42091210500,198,165,average,2,42,091,2105,0.045,0.038,0.490,19
1075,42091205805,87,68,average,2,42,091,2058.05,0.026,0.020,0.280,20
1076,42101011800,260,220,average,2,42,101,118,0.044,0.038,0.480,26
1077,42101011900,4,9,below average,1,42,101,119,0.001,0.002,0.020,23
1078,42101012000,97,75,average,2,42,101,120,0.055,0.043,0.570,18
1079,42101012100,158,126,average,2,42,101,121,0.054,0.043,0.560,27
1080,42101012500,213,112,average,2,42,101,125,0.041,0.022,0.450,18
1081,42101013100,37,35,below average,1,42,101,131,0.022,0.020,0.240,21
1082,42101013200,273,168,average,2,42,101,132,0.099,0.061,0.770,27
1083,42101015200,339,309,average,2,42,101,152,0.059,0.054,0.590,29
1084,42101015300,114,85,average,2,42,101,153,0.028,0.021,0.310,16
1085,42101015600,1380,316,well above average,4,42,101,156,0.674,0.154,0.980,29
1086,42101019000,5555,824,well above average,4,42,101,190,0.664,0.098,0.980,28
1087,42101019100,5038,703,well above average,4,42,101,191,0.569,0.079,0.970,32
1088,42101019200,6154,990,well above average,4,42,101,192,0.682,0.110,0.980,31
1089,42101019700,3932,690,well above average,4,42,101,197,0.575,0.101,0.970,33
1090,42101019800,4617,695,well above average,4,42,101,198,0.662,0.100,0.980,32
1091,42101019900,2492,579,well above average,4,42,101,199,0.611,0.142,0.970,30
1092,42101020000,79,66,average,2,42,101,200,0.060,0.050,0.600,24
1093,42101020200,166,225,average,2,42,101,202,0.038,0.052,0.420,26
1094,42101020300,194,197,average,2,42,101,203,0.067,0.068,0.640,23
1095,42101020400,132,124,average,2,42,101,204,0.050,0.047,0.530,26
1096,42101020500,36,45,below average,1,42,101,205,0.013,0.016,0.130,25
1097,42101001202,372,172,average,2,42,101,12.02,0.073,0.034,0.680,11
1098,42101001201,173,132,average,2,42,101,12.01,0.042,0.032,0.460,15
1099,42101000803,62,60,below average,1,42,101,8.03,0.017,0.017,0.170,15
1100,42101011400,132,109,below average,1,42,101,114,0.018,0.015,0.180,27
1101,42101015700,1114,248,well above average,4,42,101,157,0.414,0.092,0.960,23
1102,42101015800,190,126,average,2,42,101,158,0.031,0.020,0.340,16
1103,42101016000,512,264,average,2,42,101,160,0.076,0.039,0.700,14
1104,42101016100,1543,563,above average,3,42,101,161,0.259,0.094,0.910,23
1105,42101016200,1766,295,well above average,4,42,101,162,0.723,0.121,0.990,30
1106,42101016300,2896,437,well above average,4,42,101,163,0.781,0.118,0.990,31
1107,42101016400,2481,445,well above average,4,42,101,164,0.572,0.103,0.970,30
1108,42101016500,869,476,well above average,4,42,101,165,0.323,0.177,0.940,33
1109,42101016600,208,132,average,2,42,101,166,0.128,0.081,0.820,25
1110,42101016800,6,9,below average,1,42,101,168,0.002,0.002,0.020,23
1111,42101003901,158,122,average,2,42,101,39.01,0.025,0.020,0.270,23
1112,42101016902,213,213,average,2,42,101,169.02,0.037,0.037,0.410,25
1113,42101016901,4,8,below average,1,42,101,169.01,0.001,0.002,0.020,25
1114,42101020700,338,196,average,2,42,101,207,0.060,0.035,0.600,16
1115,42101020800,78,50,average,2,42,101,208,0.036,0.023,0.400,19
1116,42101020900,183,171,average,2,42,101,209,0.062,0.058,0.610,13
1117,42101021000,92,83,below average,1,42,101,210,0.018,0.017,0.180,13
1118,42101021100,173,110,average,2,42,101,211,0.069,0.044,0.660,17
1119,42101021200,96,71,average,2,42,101,212,0.039,0.029,0.430,18
1120,42091201501,125,83,average,2,42,091,2015.01,0.034,0.023,0.370,23
1121,42091205806,70,69,average,2,42,091,2058.06,0.031,0.031,0.340,20
1122,42091206004,295,131,average,2,42,091,2060.04,0.046,0.020,0.500,16
1123,42091208703,79,94,below average,1,42,091,2087.03,0.020,0.024,0.210,15
1124,42091206901,351,173,average,2,42,091,2069.01,0.074,0.036,0.690,22
1125,34005703804,355,335,average,2,34,005,7038.04,0.048,0.045,0.520,15
1126,42101013300,276,216,average,2,42,101,133,0.073,0.057,0.680,18
1127,42101013500,538,308,average,2,42,101,135,0.142,0.081,0.840,18
1128,42101013700,89,65,below average,1,42,101,137,0.019,0.014,0.200,21
1129,42101017000,132,84,average,2,42,101,170,0.042,0.027,0.460,24
1130,42101017100,118,142,average,2,42,101,171,0.030,0.036,0.330,25
1131,42101017300,97,72,average,2,42,101,173,0.037,0.028,0.410,24
1132,42101017400,341,210,above average,3,42,101,174,0.155,0.095,0.860,29
1133,42101017500,4786,850,well above average,4,42,101,175,0.699,0.124,0.980,32
1134,42101017800,2777,525,well above average,4,42,101,178,0.446,0.084,0.960,30
1135,42101017900,2809,752,well above average,4,42,101,179,0.386,0.103,0.950,30
1136,42101018300,37,39,below average,1,42,101,183,0.009,0.010,0.080,15
1137,34015501604,275,95,average,2,34,015,5016.04,0.037,0.013,0.410,20
1138,34015501606,449,265,average,2,34,015,5016.06,0.063,0.037,0.620,18
1139,34021001402,227,161,average,2,34,021,14.02,0.107,0.076,0.780,28
1140,34021001500,460,365,average,2,34,021,15,0.153,0.121,0.850,30
1141,42101980900,-99999,-99999,no data,-99999,42,101,9809,-99999.000,-99999.000,-99999.000,0
1142,42101002702,394,263,average,2,42,101,27.02,0.092,0.062,0.750,17
1143,42101003002,102,75,average,2,42,101,30.02,0.034,0.025,0.370,23
1144,42101003001,348,336,average,2,42,101,30.01,0.079,0.076,0.700,25
1145,42101002802,731,584,average,2,42,101,28.02,0.124,0.099,0.820,25
1146,42101980700,-99999,-99999,no data,-99999,42,101,9807,-99999.000,-99999.000,-99999.000,0
1147,42101002701,984,427,above average,3,42,101,27.01,0.236,0.102,0.900,25
1148,42101980600,-99999,-99999,no data,-99999,42,101,9806,-99999.000,-99999.000,-99999.000,0
1149,42101033701,401,394,average,2,42,101,337.01,0.072,0.071,0.680,27
1150,42101033702,223,211,average,2,42,101,337.02,0.043,0.040,0.470,25
1151,42101031502,204,89,average,2,42,101,315.02,0.053,0.023,0.550,26
1152,42101031401,1964,549,above average,3,42,101,314.01,0.265,0.074,0.920,30
1153,42101031402,1272,368,above average,3,42,101,314.02,0.229,0.066,0.900,30
1154,42091202603,95,68,average,2,42,091,2026.03,0.029,0.021,0.320,16
1155,42091202201,279,171,average,2,42,091,2022.01,0.059,0.036,0.590,18
1156,42091203803,2035,495,well above average,4,42,091,2038.03,0.360,0.088,0.950,26
1157,42091203804,1136,499,well above average,4,42,091,2038.04,0.341,0.150,0.940,30
1158,42091203901,1626,474,well above average,4,42,091,2039.01,0.495,0.144,0.960,30
1159,42091210100,498,310,average,2,42,091,2101,0.126,0.078,0.820,18
1160,42091201408,28,21,below average,1,42,091,2014.08,0.006,0.005,0.050,15
1161,42091201407,132,127,average,2,42,091,2014.07,0.051,0.049,0.530,19
1162,42091207103,256,236,average,2,42,091,2071.03,0.061,0.056,0.600,15
1163,34015501303,19,29,below average,1,34,015,5013.03,0.008,0.011,0.070,16
1164,34005703900,80,54,below average,1,34,005,7039,0.020,0.013,0.210,14
1165,34005700504,34,34,below average,1,34,005,7005.04,0.011,0.011,0.110,14
1166,34005700505,0,17,well below average,0,34,005,7005.05,0.000,0.003,0.010,19
1167,34005700501,134,101,below average,1,34,005,7005.01,0.024,0.018,0.260,14
1168,34021003704,66,56,average,2,34,021,37.04,0.025,0.021,0.270,18
1169,34021002602,813,226,above average,3,34,021,26.02,0.183,0.051,0.880,23
1170,34021003703,554,130,average,2,34,021,37.03,0.077,0.018,0.700,15
1171,34021000100,1822,362,well above average,4,34,021,1,0.565,0.112,0.970,27
1172,34021001600,313,152,above average,3,34,021,16,0.260,0.126,0.920,30
1173,34021001700,526,232,average,2,34,021,17,0.139,0.061,0.840,28
1174,34021001800,1373,486,above average,3,34,021,18,0.282,0.100,0.920,24
1175,34021001900,893,336,well above average,4,34,021,19,0.546,0.206,0.970,30
1176,34021002000,247,160,above average,3,34,021,20,0.216,0.140,0.890,25
1177,34015501702,162,114,average,2,34,015,5017.02,0.064,0.045,0.630,15
1178,34021001000,827,367,well above average,4,34,021,10,0.312,0.138,0.930,34
1179,34021001300,324,87,average,2,34,021,13,0.071,0.019,0.670,18
1180,34021001200,307,173,average,2,34,021,12,0.073,0.041,0.680,24
1181,34021001401,104,77,average,2,34,021,14.01,0.026,0.019,0.280,27
1182,34005700900,190,113,average,2,34,005,7009,0.075,0.045,0.690,21
1183,34015501701,105,69,below average,1,34,015,5017.01,0.020,0.013,0.210,12
1184,34021003301,183,101,average,2,34,021,33.01,0.025,0.014,0.270,17
1185,34021002904,157,131,average,2,34,021,29.04,0.030,0.025,0.330,17
1186,34021004307,257,214,average,2,34,021,43.07,0.044,0.037,0.480,19
1187,34021001102,141,83,average,2,34,021,11.02,0.039,0.023,0.430,28
1188,34021003905,164,86,average,2,34,021,39.05,0.033,0.017,0.360,16
1189,34015500400,657,225,average,2,34,015,5004,0.109,0.037,0.790,22
1190,34015501302,61,52,below average,1,34,015,5013.02,0.022,0.019,0.240,12
1191,34015501208,82,95,below average,1,34,015,5012.08,0.020,0.023,0.210,14
1192,34015501301,68,59,below average,1,34,015,5013.01,0.019,0.016,0.200,14
1193,34015501603,304,277,average,2,34,015,5016.03,0.048,0.043,0.520,18
1194,34015501202,66,71,below average,1,34,015,5012.02,0.014,0.015,0.140,14
1195,34015501203,4,7,below average,1,34,015,5012.03,0.001,0.002,0.020,13
1196,34015501205,123,70,average,2,34,015,5012.05,0.043,0.025,0.470,15
1197,34015502100,171,125,average,2,34,015,5021,0.053,0.039,0.550,15
1198,34007608401,158,111,average,2,34,007,6084.01,0.041,0.029,0.450,15
1199,34007604600,85,54,average,2,34,007,6046,0.042,0.027,0.460,15
1200,34007603506,313,200,average,2,34,007,6035.06,0.050,0.032,0.530,20
1201,34007609203,974,500,average,2,34,007,6092.03,0.103,0.053,0.780,21
1202,34007608503,210,148,average,2,34,007,6085.03,0.071,0.050,0.670,25
1203,34007607702,738,252,above average,3,34,007,6077.02,0.192,0.066,0.880,25
1204,34007603303,230,173,average,2,34,007,6033.03,0.083,0.062,0.720,27
1205,34007603603,59,53,average,2,34,007,6036.03,0.026,0.023,0.280,16
1206,34007608903,15,19,below average,1,34,007,6089.03,0.005,0.006,0.040,13
1207,34007608901,560,380,average,2,34,007,6089.01,0.090,0.061,0.750,17
1208,34007608403,635,199,average,2,34,007,6084.03,0.091,0.028,0.750,17
1209,34007603602,230,177,average,2,34,007,6036.02,0.092,0.071,0.750,16
1210,34007603501,148,141,below average,1,34,007,6035.01,0.024,0.023,0.260,20
1211,34007607701,1961,818,well above average,4,34,007,6077.01,0.358,0.149,0.950,28
1212,34007607801,1532,847,above average,3,34,007,6078.01,0.255,0.141,0.910,27
1213,34007608206,220,129,average,2,34,007,6082.06,0.061,0.036,0.600,14
1214,34007609205,981,140,average,2,34,007,6092.05,0.151,0.022,0.850,17
1215,34007600700,1010,249,well above average,4,34,007,6007,0.710,0.175,0.990,31
1216,34007609202,559,348,average,2,34,007,6092.02,0.112,0.070,0.800,20
1217,34007607505,141,100,average,2,34,007,6075.05,0.028,0.020,0.310,19
1218,34007603800,124,97,below average,1,34,007,6038,0.023,0.018,0.250,14
1219,34007603002,2013,428,well above average,4,34,007,6030.02,0.445,0.095,0.960,26
1220,34007601101,2379,520,well above average,4,34,007,6011.01,0.728,0.159,0.990,32
1221,34007601200,3630,794,well above average,4,34,007,6012,0.632,0.138,0.970,32
1222,34007601300,2264,405,well above average,4,34,007,6013,0.522,0.093,0.970,33
1223,34007601000,5288,641,well above average,4,34,007,6010,0.804,0.097,0.990,27
1224,34007601600,499,190,above average,3,34,007,6016,0.200,0.076,0.890,29
1225,34007601102,3322,630,well above average,4,34,007,6011.02,0.564,0.107,0.970,31
1226,34007601400,818,339,above average,3,34,007,6014,0.181,0.075,0.880,27
1227,34007603301,538,187,average,2,34,007,6033.01,0.106,0.037,0.780,23
1228,34007603507,326,217,average,2,34,007,6035.07,0.047,0.031,0.510,21
1229,34007603700,266,201,average,2,34,007,6037,0.065,0.049,0.630,20
1230,34007603505,115,73,average,2,34,007,6035.05,0.033,0.021,0.360,19
1231,34007609204,597,252,above average,3,34,007,6092.04,0.156,0.066,0.860,28
1232,34007604300,162,126,average,2,34,007,6043,0.043,0.033,0.470,15
1233,34007603400,1127,457,average,2,34,007,6034,0.154,0.062,0.850,20
1234,34007603200,735,139,average,2,34,007,6032,0.110,0.021,0.790,20
1235,34007603302,733,395,average,2,34,007,6033.02,0.111,0.060,0.790,21
1236,34007607401,243,140,average,2,34,007,6074.01,0.087,0.050,0.740,18
1237,34007608700,455,268,average,2,34,007,6087,0.060,0.035,0.600,16
1238,34007608302,311,261,average,2,34,007,6083.02,0.067,0.056,0.640,21
1239,34007600900,2906,428,well above average,4,34,007,6009,0.674,0.099,0.980,32
1240,34007600400,928,456,well above average,4,34,007,6004,0.325,0.160,0.940,29
1241,34007602901,1090,303,above average,3,34,007,6029.01,0.224,0.062,0.900,21
1242,34007603001,543,188,average,2,34,007,6030.01,0.139,0.048,0.840,18
1243,34007601500,1924,592,well above average,4,34,007,6015,0.331,0.102,0.940,31
1244,34007602503,722,348,well above average,4,34,007,6025.03,0.296,0.143,0.930,29
1245,34007609000,306,150,above average,3,34,007,6090,0.187,0.092,0.880,24
1246,34007602602,911,275,well above average,4,34,007,6026.02,0.329,0.099,0.940,27
1247,34007602601,669,127,above average,3,34,007,6026.01,0.245,0.047,0.910,24
1248,34007603100,825,176,above average,3,34,007,6031,0.219,0.047,0.900,21
1249,34007608904,42,40,average,2,34,007,6089.04,0.032,0.031,0.350,14
1250,34007603601,199,139,average,2,34,007,6036.01,0.054,0.038,0.560,17
1251,34007607402,206,118,average,2,34,007,6074.02,0.080,0.046,0.710,18
1252,34007606100,94,61,average,2,34,007,6061,0.043,0.028,0.470,15
1253,34007607600,56,43,average,2,34,007,6076,0.026,0.020,0.280,13
1254,34007607504,224,130,average,2,34,007,6075.04,0.063,0.037,0.620,17
1255,34007607506,119,92,average,2,34,007,6075.06,0.039,0.030,0.430,24
1256,34007608304,728,540,average,2,34,007,6083.04,0.108,0.080,0.790,19
1257,34007610300,301,150,average,2,34,007,6103,0.141,0.070,0.840,23
1258,34007610400,2130,435,well above average,4,34,007,6104,0.394,0.080,0.950,28
1259,34007610600,199,80,above average,3,34,007,6106,0.164,0.066,0.870,21
1260,34007607507,175,103,average,2,34,007,6075.07,0.033,0.019,0.360,24
1261,34007608210,442,293,average,2,34,007,6082.10,0.109,0.073,0.790,18
1262,34007608211,490,139,average,2,34,007,6082.11,0.083,0.024,0.720,21
1263,34007608303,285,202,average,2,34,007,6083.03,0.096,0.068,0.760,16
1264,34007610500,2833,894,well above average,4,34,007,6105,0.393,0.124,0.950,28
1265,34007610900,18,22,below average,1,34,007,6109,0.005,0.007,0.040,16
1266,34007611000,1157,682,above average,3,34,007,6110,0.180,0.106,0.880,23
1267,34007611100,434,257,average,2,34,007,6111,0.135,0.080,0.830,24
1268,34007611200,185,110,average,2,34,007,6112,0.041,0.025,0.450,16
1269,34007611300,142,110,average,2,34,007,6113,0.033,0.025,0.360,17
1270,34007611400,188,145,average,2,34,007,6114,0.044,0.034,0.480,17
1271,34007611500,494,282,average,2,34,007,6115,0.101,0.058,0.780,16
1272,34007611600,352,249,average,2,34,007,6116,0.096,0.068,0.760,18
1273,34007611700,54,60,below average,1,34,007,6117,0.017,0.019,0.170,17
1274,34005704011,101,91,average,2,34,005,7040.11,0.033,0.029,0.360,13
1275,34005704004,307,280,average,2,34,005,7040.04,0.082,0.075,0.720,14
1276,34005704005,131,91,average,2,34,005,7040.05,0.034,0.023,0.370,15
1277,34005701303,397,198,average,2,34,005,7013.03,0.073,0.036,0.680,19
1278,34005701301,133,84,average,2,34,005,7013.01,0.030,0.019,0.330,18
1279,34005701302,151,206,average,2,34,005,7013.02,0.053,0.073,0.550,17
1280,34007610800,947,230,well above average,4,34,007,6108,0.315,0.077,0.930,28
1281,34007604100,1474,168,well above average,4,34,007,6041,0.499,0.057,0.960,30
1282,34007609201,487,207,average,2,34,007,6092.01,0.108,0.046,0.790,18
1283,34007605200,179,215,average,2,34,007,6052,0.065,0.078,0.630,17
1284,34007603902,105,74,average,2,34,007,6039.02,0.036,0.026,0.400,17
1285,34007608800,348,210,average,2,34,007,6088,0.064,0.039,0.630,21
1286,34007605100,38,33,below average,1,34,007,6051,0.017,0.015,0.170,15
1287,34007608404,25,41,below average,1,34,007,6084.04,0.004,0.007,0.040,18
1288,34007607200,616,274,average,2,34,007,6072,0.132,0.059,0.830,22
1289,34007605900,101,98,average,2,34,007,6059,0.038,0.037,0.420,14
1290,34005703000,218,170,average,2,34,005,7030,0.036,0.028,0.400,14
1291,34005702809,265,133,average,2,34,005,7028.09,0.143,0.072,0.850,21
1292,34005700703,278,172,average,2,34,005,7007.03,0.131,0.081,0.830,20
1293,34005700200,167,96,average,2,34,005,7002,0.061,0.035,0.600,16
1294,34005703201,116,129,average,2,34,005,7032.01,0.031,0.034,0.340,15
1295,34005703202,86,53,average,2,34,005,7032.02,0.031,0.019,0.340,14
1296,34005703203,101,115,average,2,34,005,7032.03,0.026,0.030,0.280,19
1297,34005702400,334,174,average,2,34,005,7024,0.099,0.052,0.770,15
1298,34005702700,1095,307,average,2,34,005,7027,0.125,0.035,0.820,18
1299,34005702801,170,104,average,2,34,005,7028.01,0.082,0.050,0.720,23
1300,34007607000,478,208,average,2,34,007,6070,0.105,0.046,0.780,19
1301,34007604700,30,21,below average,1,34,007,6047,0.015,0.011,0.150,13
1302,34007608001,215,142,average,2,34,007,6080.01,0.063,0.041,0.620,19
1303,34007604200,363,198,average,2,34,007,6042,0.108,0.059,0.790,19
1304,34007606000,72,53,average,2,34,007,6060,0.036,0.026,0.400,16
1305,34007606800,173,109,average,2,34,007,6068,0.046,0.029,0.500,21
1306,34007607502,250,245,average,2,34,007,6075.02,0.043,0.042,0.470,22
1307,34007605602,120,105,average,2,34,007,6056.02,0.042,0.037,0.460,16
1308,34007605800,76,82,average,2,34,007,6058,0.027,0.029,0.300,17
1309,34007605700,20,23,below average,1,34,007,6057,0.006,0.006,0.050,14
1310,34007603503,19,29,below average,1,34,007,6035.03,0.004,0.006,0.040,16
1311,34007607100,303,182,average,2,34,007,6071,0.081,0.049,0.710,16
1312,34005702802,229,105,average,2,34,005,7028.02,0.066,0.030,0.640,24
1313,34005702803,271,108,average,2,34,005,7028.03,0.071,0.028,0.670,25
1314,34005704013,486,248,average,2,34,005,7040.13,0.093,0.047,0.760,15
1315,34005704014,210,158,average,2,34,005,7040.14,0.026,0.020,0.280,20
1316,34005702207,520,187,above average,3,34,005,7022.07,0.167,0.060,0.870,22
1317,34005700603,594,391,average,2,34,005,7006.03,0.100,0.066,0.770,18
1318,34005703102,81,73,average,2,34,005,7031.02,0.030,0.027,0.330,16
1319,34005702804,373,263,average,2,34,005,7028.04,0.142,0.100,0.840,24
1320,34005702805,437,121,average,2,34,005,7028.05,0.107,0.030,0.780,24
1321,34005702806,562,173,above average,3,34,005,7028.06,0.161,0.050,0.860,27
1322,34005702807,317,167,average,2,34,005,7028.07,0.098,0.052,0.770,25
1323,34005702808,404,258,average,2,34,005,7028.08,0.126,0.081,0.820,24
1324,34005702810,106,72,average,2,34,005,7028.10,0.090,0.061,0.750,24
1325,34007606700,221,125,average,2,34,007,6067,0.047,0.027,0.510,19
1326,34007606600,47,50,below average,1,34,007,6066,0.022,0.023,0.240,12
1327,34007607300,402,111,average,2,34,007,6073,0.093,0.026,0.760,17
1328,34005704200,502,288,average,2,34,005,7042,0.061,0.035,0.600,19
1329,34005704500,581,236,average,2,34,005,7045,0.137,0.056,0.840,19
1330,34005704600,329,123,average,2,34,005,7046,0.131,0.049,0.830,20
1331,34005704801,576,166,above average,3,34,005,7048.01,0.168,0.048,0.870,17
1332,34005702209,339,121,average,2,34,005,7022.09,0.102,0.036,0.780,19
1333,34005702915,200,111,average,2,34,005,7029.15,0.045,0.025,0.490,17
1334,34005704802,1362,206,above average,3,34,005,7048.02,0.239,0.036,0.900,16
1335,34007606300,67,58,average,2,34,007,6063,0.029,0.025,0.320,16
1336,34007605400,74,78,average,2,34,007,6054,0.029,0.031,0.320,17
1337,34007607900,72,39,average,2,34,007,6079,0.037,0.020,0.410,15
1338,34007606400,143,117,average,2,34,007,6064,0.047,0.038,0.510,14
1339,34007606500,200,133,average,2,34,007,6065,0.068,0.046,0.650,24
1340,34007608205,95,117,below average,1,34,007,6082.05,0.023,0.028,0.250,14
1341,34007607503,84,60,below average,1,34,007,6075.03,0.013,0.009,0.130,21
1342,34007608209,191,150,average,2,34,007,6082.09,0.061,0.048,0.600,20
1343,34007608504,674,324,above average,3,34,007,6085.04,0.204,0.098,0.890,26
1344,34007604400,287,189,average,2,34,007,6044,0.082,0.054,0.720,14
1345,34005702811,226,108,average,2,34,005,7028.11,0.093,0.044,0.760,26
1346,34005702210,590,143,average,2,34,005,7022.10,0.129,0.031,0.820,20
1347,34005704302,533,288,average,2,34,005,7043.02,0.089,0.048,0.740,18
1348,34005702913,111,84,below average,1,34,005,7029.13,0.024,0.018,0.260,19
1349,34005702914,274,144,average,2,34,005,7029.14,0.061,0.032,0.600,16
1350,34005702917,58,37,average,2,34,005,7029.17,0.031,0.020,0.340,17
1351,34005702918,190,109,average,2,34,005,7029.18,0.111,0.064,0.790,17
1352,34005703103,331,144,average,2,34,005,7031.03,0.071,0.031,0.670,20
1353,34005703104,228,146,average,2,34,005,7031.04,0.045,0.029,0.490,17
1354,34005702909,327,264,average,2,34,005,7029.09,0.053,0.043,0.550,18
1355,34005701402,21,21,below average,1,34,005,7014.02,0.010,0.010,0.100,20
1356,34005701401,306,107,average,2,34,005,7014.01,0.047,0.017,0.510,18
1357,34005702907,189,172,average,2,34,005,7029.07,0.069,0.063,0.660,18
1358,34005702910,167,146,average,2,34,005,7029.10,0.031,0.027,0.340,16
1359,34007608202,320,240,average,2,34,007,6082.02,0.083,0.062,0.720,19
1360,34007606200,104,122,average,2,34,007,6062,0.027,0.031,0.300,16
1361,34005700407,983,334,above average,3,34,005,7004.07,0.186,0.063,0.880,22
1362,34005700408,241,108,average,2,34,005,7004.08,0.124,0.056,0.820,20
1363,34005981802,286,128,above average,3,34,005,9818.02,0.174,0.078,0.870,14
1364,34005982111,178,94,average,2,34,005,9821.11,0.149,0.079,0.850,15
1365,34005704700,263,95,average,2,34,005,7047,0.071,0.026,0.670,15
1366,34007601900,1114,373,well above average,4,34,007,6019,0.366,0.122,0.950,31
1367,34007601700,1007,238,well above average,4,34,007,6017,0.308,0.073,0.930,31
1368,34007603504,184,109,average,2,34,007,6035.04,0.069,0.041,0.660,21
1369,34007602000,2213,483,well above average,4,34,007,6020,0.334,0.073,0.940,31
1370,34007609103,277,113,average,2,34,007,6091.03,0.052,0.021,0.540,18
1371,34007605300,138,71,average,2,34,007,6053,0.071,0.036,0.670,16
1372,34007600800,3656,638,well above average,4,34,007,6008,0.716,0.125,0.990,33
1373,34007600200,635,230,well above average,4,34,007,6002,0.355,0.128,0.940,29
1374,34007608600,656,251,average,2,34,007,6086,0.133,0.051,0.830,19
1375,34007602902,802,255,above average,3,34,007,6029.02,0.252,0.080,0.910,22
1376,34007608402,39,34,below average,1,34,007,6084.02,0.010,0.009,0.100,16
1377,34007601800,532,245,well above average,4,34,007,6018,0.382,0.176,0.950,29
1378,34007603901,145,99,average,2,34,007,6039.01,0.028,0.019,0.310,15
1379,34007607802,234,121,average,2,34,007,6078.02,0.108,0.056,0.790,19
